video_id,keyword,title,channel,published_at,description,view_count,like_count,comment_count,url
F37MHn7fMyE,신혼부부 광파오븐,1800만원 LG 혼수가전 후기! 잘산템과 후회템까지 ⚡️,버블리 bubblee,2025-07-18,"#혼수가전 #신혼가전 #신혼부부 
1800만원 LG 혼수가전 1년 사용 후기!
신혼집 준비하면서 풀세트로 구매한 LG 혼수가전 1년 실사용 후기와 잘산템 vs 후회템을 솔직하게 말씀드려봤어요!

📌영상 타임라인
0:00 인트로
1:00 혼수가전 구매 리스트 & 총금액
3:04 LG전자로 통일한 이유
5:44 설치&배송 만족도
7:52 1년 실사용 장단점
22:09 마무리

🧾 구매한 가전 리스트
- LG 컨버터블 냉장고·냉동고
https://www.lge.co.kr/convertible-refrigerators/x322gb8

-",140436,1247,109,https://www.youtube.com/watch?v=F37MHn7fMyE
9S3M7Vi0tqo,신혼부부 광파오븐,"인기 🥩전기오븐🥐 5종 최고의 제품은?(크기,레인지,오븐,그릴,세척 등 비교)",노써치,2022-04-08,"어느 가정에나 있는 전자레인지와  어느 순간 어엿한 대세 가전으로 발돋움한 전기오븐과 에어프라이어! 우리 주방의 편리함을 올려주는 일등공신들인데요.

이제는 이 모든 것이 합쳐진 복합전기오븐이 출시되고 있습니다.
몰랐던 분들께는 아직 생소한 제품, 알고 있던 분들께는 알면 알수록 정확히 알기 어려운 복합전기오븐을 비교해 보았습니다.

#전기오븐 #광파오븐 #전기오븐추천

0:00 인트로
0:53 part 1. 구조&크기
 -  내부구조, 작동방식, 외관/조리실 크기
4:55 part 2. 레인지 조리성능
- 가열속도, 균일성, 해동",616915,7262,322,https://www.youtube.com/watch?v=9S3M7Vi0tqo
p5GdzTy0UsQ,신혼부부 광파오븐,1탄) 신혼 필수 가전제품 1년 사용 솔직 후기! /냉장고/광파오븐/커피머신/믹서 등 크고 작은 가전 추천 ~ 비추천 리뷰 (주방편),호호팸(오늘마씸),2020-01-23,"안녕 여러분 반갑습니다! 오늘도 행복한 오늘입니다 :)
오늘은 1년간 #신혼집 에서 사용해본 #가전제품 에 대한 #리뷰 를 들고왔어요!
영상이 너무 길어져 주방편 / 주방 외 편으로 나누어 업로드 예정입니다:)
설 명절 잘 보내시고 새해복 많이 받으세요! ❤️

👀영상에 나온 제품들 
- 냉장고 LG 디오스 노크온
- 우유 거품기 턴블러 
- 필립스 믹서 HR3556/00
- 드롱기 원두 그라인더 kg79
- 프렌치불 딜라잇 세라믹 전기포트
- 센스맘 내열유리포트 (사은품받은건데 내구성이 너무좋네요 ..안망가져…)
- 쿠쿠 전기압",19591,95,19,https://www.youtube.com/watch?v=p5GdzTy0UsQ
PdfCX1rKQmA,신혼부부 광파오븐,가성비 광파오븐 꿀조합! 자취생/신혼부부 추천 주방템 비교분석,리뷰탐정단,2025-10-01,"이 포스팅은 쿠팡 파트너스 활동의 일환으로, 이에 따른 일정액의 수수료를 제공받습니다.

5위 : 키친아트 라이트 웨이브 광파오븐 12L 고객직접설치, KO-121MT
금액 : 47000원
제품링크 : https://link.coupang.com/a/cUaf24

4위 : 발뮤다 더 레인지 전기오븐레인지, K09B(White)
금액 : 648910원
제품링크 : https://link.coupang.com/a/cUaf2q

3위 : 트루리빙 멀티 할로겐 광파오븐 12L 세트 자가설치, TL-OV120
금액 : 45890원
제품링크 ",4,0,0,https://www.youtube.com/watch?v=PdfCX1rKQmA
VZAJMUdv4Zc,신혼부부 광파오븐,LG DIOS 광파오븐 ML39BW 제품 구성 알아보기,ITeaTime,2021-04-07,"요즘 인기 좋은 LG DIOS 광파오븐 ML39BW 제품을 구입했습니다.
본격적으로 요리를 하기에 앞서 제품의 구성에대해 알아보는 시간입니다.",5371,0,3,https://www.youtube.com/watch?v=VZAJMUdv4Zc
zQS3FWOkePo,신혼부부 광파오븐,"“혼수가전 1,000만원이면 끝!“🏠 30평대 신혼부부 혼수 가전가구 싸게 사는법｜혼수가전 견적｜혼수｜신혼｜냉장고추천｜세탁기추천｜TV추천｜LG｜삼성｜로보락｜TCL",리뷰머신,2025-08-08,"#신혼가전 #혼수 #신혼 #LG #삼성
⭐ 리뷰머신 공동구매 제품 보러가기 👉 https://link.inpock.co.kr/reviewland

⭐️⭐️⭐️⭐️ 리뷰머신 X 엔오오엔 식탁 공동구매 OPEN⭐️⭐️⭐️⭐️
✅엔오오엔 우디 원목 *확장형 식탁 
링크 : https://mkt.shopping.naver.com/link/69a300bcb62c9114c9c53a47
🔶할인가 : 319,000원 (정가 : 729,000원)
사이즈 : 1200/1600 (확장형)
상판 : 포세린 통세라믹 12T 
⭐️⭐️⭐️⭐️⭐️⭐️⭐️⭐️",107785,1706,40,https://www.youtube.com/watch?v=zQS3FWOkePo
mAa3y20kNhQ,신혼부부 광파오븐,"오븐 추천! 쌩초보를 위한 상식 정리! 구매 전 꼭 보세요. (컨벡션 광파 스팀 전기, 에어프라이어 전자레인지 그릴 차이점 비교, 가격 유지비용, 가성비 가정용 업소용, 요리)",아정당,2025-02-12,"[아정당 대표번호 : 📞 1833 - 3504]

⏳️타임라인⌛️
00:00 인트로💙
00:20 작동방식 
00:59 작동원리
02:49 제품별 특징
04:04 총정리
04:23 오븐 0원에 사용하는 방법
06:14 아웃트로

📌 100% 환불은 보장이사 이용 고객에 한하여 진행됩니다.
📌 100% 환불의 조건은 다음과 같습니다.
① 견적서상 도착지연
② 견적서상 작업인원 불일치
③ 견적서상 화물차량의 톤수 및 댓수 불일치
④ 견적서상 작업지연
⑤ 견적서상 고객 요청사항 미이행
⑥ 이사자재 청결 및 위생상태 불량
⑦ 화물자동차운송주",68217,414,15,https://www.youtube.com/watch?v=mAa3y20kNhQ
1tSQMFRS0yU,신혼부부 광파오븐,전자렌지+에어프라이어 다된다며.. 🥺 #스팀에어프라이어 #살림템,유부림ㅣ똑띠살림,2025-07-09,,443998,1619,331,https://www.youtube.com/watch?v=1tSQMFRS0yU
QjXJZh5_qAk,신혼부부 광파오븐,"LG DIOS 광파오븐, 스마트 인버터, 인공지능쿡으로 집에서 만드는 언택트 시대 집콕 요리! 에어프라이어, 전자레인지 기능까지!",릴라킹,2021-01-12,"● 이 영상은 LG전자로부터 제품 대여 및 소정의 원고료를 지원 받았습니다.

#유료광고 #협찬 #LG광파오븐 #오븐 #주방가전 #광파오븐

세상이 갈수록 편리해지는 요즘입니다. 요리는 잘 못하는 릴라킹도 맛있는 요리를 간편하게 할 수 있는 세상이라니, LG DIOS 광파오븐을 몇달간 사용해봤는데요. 광파오븐 하나로 다양한 요리를 쉽고 간편하게 즐길 수 있어 정말 매력적인 주방가전인것  같네요. 평소 집에서 다양한 요리를 즐기는 분들이라면 꼭 한번 보시길 바래요.

● 제품스펙
- 컨벡션오븐, 구이(그릴), 전자레인지, 발효, 스팀",68025,586,31,https://www.youtube.com/watch?v=QjXJZh5_qAk
SlTXFJl1EJI,신혼부부 광파오븐,광파오븐에 구운 식빵,solutus,2020-06-28,"http://solutus.tistory.com/
광파오븐에 구운 식빵
2020. 6.28.",1565,10,0,https://www.youtube.com/watch?v=SlTXFJl1EJI
KOwdy-emQuw,신혼부부 광파오븐,광고 광파오븐 대박! 아이템! 추천해드려요 추천 TOP10,리뷰달인!,2023-02-28,"❤️❤️❤️대박! 아이템! 광파오븐 추천해드려요❤️❤️❤️

[00:06]
10위. #트루리빙 멀티 할로겐 광파오븐 12L 세트 자가설치, TL-OV120   [47,100원]
❤️구매링크👉https://link.coupang.com/a/QBue8

[00:11]
9위. #키친아트 라이트 웨이브 광파 전기 오븐 12L, KO-121MT   [42,860원]
❤️구매링크👉https://link.coupang.com/a/QBugo

[00:17]
8위. #LG전자 디오스 광파오븐 방문설치, ML32AW1   [506,820원]
❤️구매",60,0,0,https://www.youtube.com/watch?v=KOwdy-emQuw
JT507BU-0c4,신혼부부 광파오븐,광파오븐 우리집에 필요한! 꿀템 소개해요 추천 TOP10,도와드려요!,2023-01-18,"❤️❤️❤️우리집에 필요한! 광파오븐 꿀템 소개해요❤️❤️❤️

[00:06]
10위. #삼성전자 BESPOKE 직화오븐 35L 방문설치, MC35A8599LC(글램 차콜)   [576,450원]
❤️구매링크👉https://link.coupang.com/a/Mxr1z

[00:11]
9위. #삼성전자 BESPOKE 직화오븐 35L 방문설치, MC35A8599LE(글램 화이트)   [576,450원]
❤️구매링크👉https://link.coupang.com/a/Mxr2H

[00:17]
8위. #삼성전자 BESPOKE 멀티 오븐 큐커",155,1,1,https://www.youtube.com/watch?v=JT507BU-0c4
XZwdNv6u8KI,신혼부부 광파오븐,신혼부부를 위한 삼성신혼가전 꼭 사야하는 제품 3가지,곤홈,2025-03-10,"한달 사용 후 신혼부부에게 추천하고 싶은👰‍♀️🤵💍
삼성전자 잘산템 3가지 추천드려요✌🏻
.
✅ 3위 : 비스포크 키친핏 냉장고
- 냉장고장에 맞춘 깔끔한 인테리어 가능
✅ 2위 : 14인용 매립형 식기세척기
- 2인 가구라도 넉넉한 용량의 14인용 추첨
✅ 1위 : 35L 오븐큐커
- 에어프라이어, 오븐, 전자레인지 등 올인원 기능
.
✨✨필요한 가전으로 편하게 살림해요~✨✨
#삼성전자 #삼성신혼전자 #가전추천 #가전순위",15979,39,2,https://www.youtube.com/watch?v=XZwdNv6u8KI
AAyHoTtBoHc,신혼부부 광파오븐,손님들이 또 해달라고 하는 #연어스테이크 🐟 이거 제발 꼭! 해드세요🍋 #레시피추천 #5분요리 #food #신혼부부 #브런치메뉴 #다이어트 #손님초대요리 #연어요리,퍼스트바이트 FirstBite ,2024-01-03,"레시피🫠

1) 레몬 버터 소스 만들기
버터 두조각 + 양파찹찹 + 간마늘 2알 + 꿀1.5스푼 + 마요네즈 1스푼+ 레몬즙 1스푼

2) 연어 스테이크
- 연어는 물기 제거해주고 밀가루 얇게 발라주기 (소금후추간)
- 올리브오일에 잘 구워주기 (앞뒤로 1분30초씩)",187791,2134,43,https://www.youtube.com/watch?v=AAyHoTtBoHc
3Z4HNcosc4w,신혼부부 광파오븐,요즘 잘 나가는 광파오븐 추천 가격비교 TOP5 광파오븐 스펙 가격 SK광파오븐 LG광파오븐 정보,쇼핑의 신,2022-08-11,"광파오븐 순위입니다.
영상 속 제품 구매 링크와 자세한 정보는 아래 더보기 참고해주세요! 
▼▼▼▼▼▼▼▼

🔰광파오븐 TOP5🔰

5위 SK매직 All in One 광파 오븐
268,950원
구매링크✅ https://link.coupang.com/a/voOIi
품절 시
구매링크✅ https://link.coupang.com/a/voTQu


4위 보글리아 광파오븐 12L
49,900원
구매링크✅ https://link.coupang.com/a/voPaE
품절 시
구매링크✅ https://link.coupang.com/a/voTT1",92,3,1,https://www.youtube.com/watch?v=3Z4HNcosc4w
iALsUCGM8No,신혼부부 광파오븐,"세가지를 한꺼번에? 스팀광파오븐, 사야할까? 레인지 프라이어 오븐이 이거 하나로 해결~~. 권은순다이어리",권은순다이어리 Sooni Diary,2022-02-20,"안녕하세요. 
권은순다이어리입니다.
제가 집을 지으면서 거실을 크게 하고 싶어서 주방은 작게 설계해서요 주방수납공간이 넉넉치가 않거든요. 그런데 전자레인지, 오븐, 에어프라이어 세가지를 하나로 해결할 수 있다는 스팀광파오븐이 있다는걸 알지만 있는걸 다 버리고 새로 사는 결심을 하기가 쉽지 않아요.
마침 친구네 집에 새로 들여놨길래 정말 좋은지 함 테스트해봤어요.
좋긴 좋네요. 
아직 저는 새로 사지는 못했지만 여러분께 참고가 되실까해서 업로드합니다.

#주방#살림살이#오븐#전자레인지#에어프라이어#kitchen#oven#microwa",9697,90,5,https://www.youtube.com/watch?v=iALsUCGM8No
ge5KDxQzZvE,신혼부부 광파오븐,2025 오븐형 에어프라이어 추천 TOP4 이거사세요!,이거사,2025-08-22,"파트너스 활동의 일환으로, 이에 따른 일정액의 수수료를 제공받습니다.
#에어프라이어 #에어프라이어추천 #오븐추천",145846,480,3,https://www.youtube.com/watch?v=ge5KDxQzZvE
Elt37Hptjp8,신혼부부 광파오븐,[주연꿀템] 2만원부터 250만원(?)까지 구매하고 극락 경험한 1~2인 가구 삶의 질 상승 가전제품 싹 다 털어드림!,주연 ZUYONI,2025-10-07,"인테리어템은 아래 영상 참고하세요!
https://youtu.be/18bGShj9erU?si=n1sPdM_Ej8nazx5W

영상 속 제품들은 아래 링크 참고하세요~!

찬 우유거품까지 4가지 기능 탑재 우유 거품기
https://link.coupang.com/a/cU94ug

버티컬 멀티탭
https://link.coupang.com/a/cVaZTl

원격제어 스마트 플러그
https://link.coupang.com/a/cU9499

욕실 온풍&제습기
https://link.coupang.com/a/cU95Li

초슬림 연속배수",403920,5579,408,https://www.youtube.com/watch?v=Elt37Hptjp8
unFTR0OdA-c,신혼부부 광파오븐,[SKmagic] 전격공개 1인/ 신혼부부를 위한 멀티 플렉스 광파오븐,SK매직,2020-07-31,"파워풀하고! 컴팩트하게! 
다양한 기능을 한번에! 

SK매직 상품기획자와 함께 
신제품 멀티 플렉스 광파오븐의 
모든 궁금증을 해결합니다. 

▶멀티플렉스 광파오븐 구매하기 : http://bitly.kr/XPWp558kjVV",113395,242,0,https://www.youtube.com/watch?v=unFTR0OdA-c
MfdEiw5S3CE,신혼집 가전추천,1년 살아보니 알게된 진짜 신혼살림 추천템 비추천템 (신혼 가전 추천 l 혼수가전가구),작누댁,2026-05-17,"본 영상은 미닉스 더 시프트의 PPL이 포함되어 있습니다.

신혼부부 분들 입주 전에 가전가구 고민 많으시죠?
신혼 7개월 선배로서ㅎㅎ 가전가구 추천템&비추천템을 정리해봤습니다.  
도움이 되기를 바랍니다❤️

🎁 Event . 작누댁 구독자 전용! 런칭 기념 비밀 특가 링크
🔗비밀링크 :  https://m.site.naver.com/27PoD

🎁 Event 2. 작누댁 x미닉스 미니 김치냉장고 ""더 시프트"" 댓글 이벤트 (종료!)

✨좁은 주방에서도 가능한 더 넓은 미식 생활
미닉스의 여섯번째 혁신, ""미니 김치냉장고 ""The",23814,622,107,https://www.youtube.com/watch?v=MfdEiw5S3CE
1wZQKej6SXs,신혼집 가전추천,2026 신혼가전 추천 TOP 6 : 혼수 이거 사고 2년 뒤 후회했어요,똑주부,2026-03-04,"신혼 가전 몇 년 써보니, 20평대 사는 맞벌이 부부 입장에서 후회되는 게 느껴지더라고요. 여러분은 이거 보고 똑똑하게 결혼 혼수 준비하세요. 

*타임라인 
00:00 Intro
00:16 멀티 오븐, 좁은 주방의 치트키
00:47 청소기, 비싼 거 하나보다 이 조합
01:22 김치냉장고 대신 이 냉장고
01:51 이사 걱정 없는 TV
02:24 집안일로 안싸우는 비결
02:52 날파리 안생기는 필수템 

#신혼가전 #혼수가전 #가전제품 
#결혼준비 #신혼부부


*제품 중 일부는 제품제공 받은 것이 포함돼있지만, 이 영상을 위해",3554,37,13,https://www.youtube.com/watch?v=1wZQKej6SXs
yZKHjoEd1tY,신혼집 가전추천,"삶의질 올라가는 신혼 가전 필수템 BEST9 I 가전 추천✨ I 1년이상 사용 후 장단점 리뷰 I 식기세척기, 공기청정기, 로보락, LG가전, 에어컨, 세탁기 추천",170cm,2024-06-21,"안녕하세요. 170CM입니다.
오늘은 신혼가전 BEST 9가지 1년이상 사용 후 장단점을 알려드리려고 해요.
예비 신혼부부, 가전 교체 예정이신 분들께 도움이 될만한 영상이므로
끝까지 시청 부탁드립니다 🥰
(* 가전 금액은 네이버 검색 기준 할인혜택을 제외한 금액으로 적어두었으니 참고용으로 봐주시면 좋을거 같아요!)

💓
00:00 INTRO
00:26 샤오미 무선선풍기 2PRO 138,000원
01:29 LG 휘센 오브제 컬렉션 타워 2,673,000원 (스탠드+벽걸이 포함)
02:19 로보락 S8 프로 울트라 1,450,000원",20067,143,37,https://www.youtube.com/watch?v=yZKHjoEd1tY
BgSXY5jKIl4,신혼집 가전추천,혼수 준비 중인 예비 신혼 부부에게 이 영상을 바칩니다.,노써치,2024-07-23,"혼수가전 마련은 결혼 준비과정에서 어려운 결정 중 하나입니다.
천 만원 이상의 지출을 한 번에 하게 되기 때문이죠.

금액도 금액이지만, 어떤 제품을 얼마나 사야 하는지, 
어떻게 사야하는지, 제품을 설명하는 용어는 또 왜 이렇게 어려운지,
알아볼 시간은 없는데 막막하기만 합니다.

그래서 노써치가 최단 코스로 신혼 가전을 졸업할 수 있도록
핵심만 모아서 알려드리겠습니다.

#혼수가전 #혼수 #혼수패키지

0:00 인트로
0:36 PART1. 예산과 품목 정하기
3:00 PART2. 필수 가전 제품 선택 기준
5:15 PART3. ",180148,3036,86,https://www.youtube.com/watch?v=BgSXY5jKIl4
HLH-663suq0,신혼집 가전추천,제발 돈 버리지 마세요💸 전문가가 써보고  추천하는 인테리어 필수템 10가지💡 최신 가전 설치 시 주의사항⚠️ 브랜드별 냉장고 식기세척기 시스템에어컨 TV 장단점 #신혼가전,소프트콘 디자인,2026-02-22,"""삶의 질을 높이려고 큰맘 먹고 구매한 최신 가전, 막상 우리 집에 설치가 안 된다면 어떨까요?"" 
당황스럽겠지만, 현장에서는 생각보다 아주 흔하게 벌어지는 일입니다. 특히 리모델링을 앞두고 있거나 혼수 가전을 준비 중이신 분들이라면 오늘 내용에 반드시 주목하셔야 하는데요. 비싸게 돈을 주고 산 인덕션이 전력이 모자라 성능을 반밖에 발휘하지 못하거나, 위치 선정을 잘못한 스타일러 소음 때문에 잠을 설치기도 하죠. 심지어 시스템 에어컨의 결로와 곰팡이 때문에 멀쩡한 천장을 다 뜯어내고 재공사하는 대참사도 일어납니다. 단순한 겁주기가 ",8632,141,9,https://www.youtube.com/watch?v=HLH-663suq0
_iT7k-xEdIs,신혼집 가전추천,30평대 신혼집 룸투어 가전 가구 소개 매트리스 추천템 후회템,침대 알려주는 여자 | 노다지,2026-02-12,"#신혼집 #30평대룸투어 #33평룸투어
오늘은 30평대 신축아파트 신혼집
룸투어 영상으로 찾아왔습니다🏡
혼수 가전가구에 총 2500만원을 쓴 친구가
실제로 한달 사용 후 추천템 후회템까지!

신혼 침대 매트리스, LG가전, 미닉스 음식물처리기 등
솔직한 리뷰 영상참고하셔서 도움이 되시길 바랄게요!
(궁금한 점 댓글 달아주시면 전부 알려드릴게요💬)

🕖timeline
0:00 인트로
0:35 집소개
0:53 1. 손님맞이방
2:58 2. 컴퓨터방
3:28 3. 알파룸
3:54 4. 안방 침실
8:57 5. 거실
12:10 6.주방
1",2731,12,3,https://www.youtube.com/watch?v=_iT7k-xEdIs
wwr939cXUnc,신혼집 가전추천,“제발 이렇게 사세요!” 2025 신혼가전 견적 추천! 혼수 가전 구매팁🔥｜신혼｜혼수｜냉장고추천｜세탁기추천｜TV추천｜LG｜삼성｜비스포크｜오브제｜로보락｜TCL,리뷰머신,2025-04-22,"#신혼가전 #혼수 #신혼 #LG #삼성

️⭐ 혼수템 추천! 리뷰머신 공동구매 제품 보러가기 👉 https://link.inpock.co.kr/reviewland

[2025 혼수가전 구매 꿀팁]
✅가전 우선순위 정하기
1.필수가전 - TV, 냉장고, 세탁건조기
2.서브가전 - 전자레인지, 청소기, 전기밥솥
3.편의성 올려주는 가전 - 로봇청소기, 음식물쓰레기 처리기, 식기세척기
4.계절가전 - 가습기, 공기청정기, 제습기, 에어컨

✅저렴하게 구매하는 방법
쿠팡 활용하기
와우멤버십- 포인트 1%씩 쌓임. 쿠팡내에서 사용 가능
와우",98510,1297,44,https://www.youtube.com/watch?v=wwr939cXUnc
xhm8SKRYJsc,신혼집 가전추천,"24평 가구로만 꾸민 전세집, 신혼가전 가구 추천 비추천, 2년 써보니 알게 된 가전/가구 현실 리뷰, 소파ㅣ조명ㅣ신혼가전ㅣ러그",별주부,2026-01-15,"안녕하세요, (구) 소비요정, (현) 별주부 입니다!
제가 딱 2년 전 이맘때 열심히 돌아다니면서 신혼집을 계약하고
가전, 가구 들을 장만하느라 엄청 고민했었는데요.

벌써 계약기간이 끝나 이제 이 집을 이사가게 됐는데
이 집을 꾸밀 때 첫 신혼 혼수 가전 가구이니 어떻게 꾸밀지 엄청 고민했었거든요 !
정말 30군데 넘게 가구단지, 편집샵, 백화점 등등 돌아다녔어요

그래서 다른 분들도 많이 고민 되시지 않을까 하고 영상 준비해봤어요
혼수준비하는데 많은 도움되시길 바래요!

그럼 이사가기전 그동안 사용하면서 정말 만족했던 신혼 가전",37806,483,39,https://www.youtube.com/watch?v=xhm8SKRYJsc
Nt1qOQEroc4,신혼집 가전추천,흙수저 부부의 가성비 혼수 BEST 10👍🏻,ggulmatsalim,2025-09-10,"1.침대프레임 (41만원)
스칸디아 데이 호텔 수납침대 LK 사이즈, 화이트

2.매트리스 (240만원)
템퍼, 오프라인 매장에서 신혼부부 할인으로 구매.
백화점에서 받은 견적보다 70만원 저렴하게 구매했어요.

3.냉장고 (150만원)
삼성 비스포크 프리스탠딩 875L, 코타화이트

4.카페장(35만원)
메이트 프로스트 카페장 비스코프 오브제 주방수납장, 포그그레이

5.정수기(38만원)
파라곤 무타공 정수기

6.테이블(72만원)
2UC 하프테이블

7.의자(5만원대)
영가구 레이븐 빈티지 원목 인테리어 의자, 블랙/쿠션버전

",783192,4841,193,https://www.youtube.com/watch?v=Nt1qOQEroc4
il45pgmEidM,신혼집 가전추천,“이대로만 따라하세요!” 2025년 신혼가전 견적 추천! 30평대 신축 아파트 혼수 가전가구 구매 팁🔥 | TV추천 | 냉장고 추천 | 세탁기 추천 | 소파 추천 | 식탁 추천,리뷰머신,2025-12-03,"#신혼부부 #혼수가전 #혼수가구 #가전견적 
📆리뷰머신 공동구매 캘린더 보러가기 👉https://link.inpock.co.kr/reviewland

*이 영상은 오늘의집, 네이버, 쿠팡 파트너스 활동의 일환으로 일정액의 수수료를 지급받습니다☺

📁오늘의집 신혼부부 추천템 .ZIP 👉  https://ozip.me/83tnzN9?af
📁오늘의집 식기, 냄비 세트. ZIP 👉 https://ozip.me/moiyGsx?af
📁오늘의집 공간활용 정리템. ZIP 👉 https://ozip.me/hXyzX9y?af

⭐️⭐️⭐️⭐️ 리뷰머",12509,146,11,https://www.youtube.com/watch?v=il45pgmEidM
ilfYoMJBwV0,신혼집 가전추천,신혼집 혼수 가전 Best5 #혼수가전 #가전제품추천 #결혼준비 #집꾸미기 #신혼부부,제니홈 Jennyhome,2025-10-02,,15533,35,0,https://www.youtube.com/watch?v=ilfYoMJBwV0
0IJZqFLR5Y4,신혼집 가전추천,“제발 놓치지 마세요!” LG전자 X 네이버 콜라보🔥2026 신혼 혼수가전 견적 최저가로 구매하세요!｜신혼｜혼수｜냉장고추천｜세탁기추천｜TV추천｜청소기추천｜공기청정기｜제습기｜스타일러,리뷰머신,2026-03-19,"#LG가전 #혼수가전 #이사가전 
📆리뷰머신 공동구매 캘린더 보러가기 👉https://link.inpock.co.kr/reviewland

⭐️⭐️⭐️ LG전자 X 네이버 X 리뷰머신 콜라보 공동구매 📌종료되었습니다⭐️⭐️⭐️
📌제품 스펙 상세페이지 확인
📌배송 일정 문의는👉 [네이버 톡톡, Q&A] 
--------------------------------------------
[세탁 건조기]
✅LG전자 트롬 오브제컬렉션 세탁건조기세트 FX23GNR-ENE 23kg + 20kg(분리형) 1등급
🎁FX23GNR-ENE 세탁건조기 ",89732,91,27,https://www.youtube.com/watch?v=0IJZqFLR5Y4
5CiIVzOYihE,신혼집 가전추천,결혼 3년차 후기 / 필수 신혼가전 추천 리스트,유부남,2025-12-17,"본 콘텐츠는 '엠마'의 지원으로 제작되었습니다.

🎉유부남 X 엠마 앰버서더 발탁 기념 🎉

1. 댓글 이벤트
현재 사용 중인 매트리스의 불편함이나 바꾸고 싶은 이유를 댓글로 남겨주세요.
추첨을 통해 엠마 매트리스 (2명), 엠마 베개 (5명)를 선물로 보내드립니다.
* 이벤트 기간: 12/17 (수) -12/31 (수)
* 당첨자 발표: 1/2 (금) 대댓글로 안내
※ 당첨 확인을 위해 댓글 알림을 활성화해주세요. 기한 내 미응답시 당첨이 취소될 수 있습니다.
※ 경품 및 이벤트 내용은 사전 고지 없이 변경될 수 있습니다.

2.",169078,1371,328,https://www.youtube.com/watch?v=5CiIVzOYihE
O2nEQPUaEhE,신혼집 가전추천,가전제품 발품 엄청 팔고 알게 된 가전구매 꿀팁 10가지 (이거보고 가세요! 혼수 가전 견적 l 신혼집 가전 l 결혼준비 l 입주준비 l LG혼수),작누댁,2025-07-31,"혼수나 이사가전 알아보고 계신 분들 많으시죠?
저도 이번에 신혼집 혼수가전을 알아보면서.. 어떻게 하면 더 싸게 살 수 있을까! 발품을 열심히 팔았는데요. 
그 과정에서 알게 된 가전구매 꿀팁 10가지를 추려봤습니다.
전문가는 아니지만.. 누군가에게 도움이 되길 바라며!
구독, 좋아요 댓글 많이 남겨주세요❤️

#가전견적 #가전발품 #가전싸게사는법

✔️Insta @choi_sehwa  
https://www.instagram.com/choi_sehwa/?igsh=Z3F6bzA5NTBzMjNw

✔️Contact: zhekfjqm@",62791,1235,87,https://www.youtube.com/watch?v=O2nEQPUaEhE
tgaJqJIGXho,신혼집 가전추천,신혼집에 비싼 가구 사고 후회한 이유 🤷🏻‍♀️ 1년 써보니 알게 된 가전/가구 현실 리뷰 | 혼수 사기 전 시청 필수!,오너스 OWNOS,2024-09-08,"안녕하세요. 오너스입니다.
여러분 9월 시작 잘 하셨나요?! 💛

사실 저는 결혼식은 최근에 했지만,,
결혼식 전부터 신혼집에 미리 들어와서 산 케이스라서,
신혼집 입주한 지는 이제 거의 1년이 되어가는데요.

작년에 입주했을 때만 해도
내가 직접 고른 아이템들이 다 예쁘고 소중하고 그랬는데,,
콩깍지 벗겨지고 나니까 슬슬 아쉬운 점도 보이고
아 이건 이렇게 할걸~~! 후회되는 것도 생기더라구요 ㅎㅎ

최근에 결혼비용 영상을 올린 뒤에
신혼집은 어떻게 꾸몄는지 궁금해하시는 분들도 있길래!
1년차 현실 후기를 준비해봤습니다,, 😎

",148551,1470,85,https://www.youtube.com/watch?v=tgaJqJIGXho
HD4rY2a-FiY,신혼집 가전추천,가전제품 제일 싸게 사는 방법,짤감자,2025-05-08,,509140,2652,201,https://www.youtube.com/watch?v=HD4rY2a-FiY
MrJiAl98Biw,신혼집 가전추천,안사면 무조건 후회하는 신혼 가전 BEST3 | 찐 내돈내산 추천템 #신혼가전 #신혼가전추천,소온의 숲,2025-08-31,"안사면 무조건 후회하는 신혼 가전 Best3 📍저장해두고 꼭 활용하세요:) 

저도 결혼하고 신혼집 꾸리면서 정말 많은 가전을 알아봤는데요,
살면서 ‘이건 진짜 없었으면 큰일 날 뻔했다’ 싶은 제품들이 있더라구요.

저는 이 3가지가 삶의 질을 확 바꿔줬는데,
아직 신혼집 준비 중이신 분들이라면 꼭 리스트에 넣어보세요📝

#신혼가전 #신혼집인테리어 #신혼부부템 #살림템추천 #건조기추천 #식기세척기추천 #로봇청소기추천 #에브리봇Q9 #내돈내산템 #신혼살림꿀팁 #리빙템추천 #안사면후회템 #신혼가전추천 #엘지식기세척기 #식기세척기 #건조",4436,16,0,https://www.youtube.com/watch?v=MrJiAl98Biw
SbyoqCx1Dcc,신혼집 가전추천,신혼가전 삼성으로 다 하고 후회중...,해피씨쀼 | 아내바라기 남편의 부부 재테크,2025-06-23,,86665,147,53,https://www.youtube.com/watch?v=SbyoqCx1Dcc
Q5DUcSlUdV8,신혼집 가전추천,"지금 결혼(이사)한다면 꼭 살 추천템&비추천템★ 혼수가전 가구 이사준비 꿀팁💯 / 결혼준비, 신혼집 꾸미기, 유용한 생활용품, 살림꿀템",스와차 stay wild child,2022-04-03,"#혼수가전 #신혼가구 #결혼준비 #이사준비 #인테리어

결혼 소식이 많이 들려오는 계절입니다 🌼 ☺️
저희의 그맘 때를 생각해보면.. 정말 행복했지만
한편으로는 머리가 너무 아팠어욬ㅋㅋㅋ 결정할 게 왜 이렇게 많아!!
어느덧 결혼생활 6년차가 된 지금!
만약 다시(?) 혼수 장만을 한다면 훨씬 순조롭겠죠~~
제 경험담이 머리 아픈 어떤 분에게는 도움이 되시길 바라며.. 총총 ❤️

#건조기 #로봇청소기 #식기세척기 #비스포크 #오브제 #이케아
-

*타임코드
00:00 시작
00:50 1. 구입 전 생각해보면 좋을 포인트 요약
03",406762,3505,220,https://www.youtube.com/watch?v=Q5DUcSlUdV8
zYa_WsqPTw8,신혼부부 요리,"고물가 뿌셔👊 2탄! 설 연휴 텅장 복구💸 시급한 신혼부부의 식비절약 집밥 (명란솥밥, 찜닭A/S, 바지락미역국)",부부요리 - 퇴근 후 집밥,2026-02-22,"안녕하세요~ 이번 주도 잘 보내셨나요?

맞벌이 퇴근 후 삶을 가볍게 만드는 부부요리 입니다 ☺️

설 연휴 저희 부부는 열심히 놀고 푹 쉬었어요~ 정신 차리고 보니 평소보다 카드 값도 훨씬 많이 나오고 텅장이 되어 있더라구요. 🤣 (￼행복했다…✨)

그래서 다시 한￼번 고물가 뿌시는 ￼식비 절약 집밥 영상 준비 했어요!! 그리고 지난번 간이 잘 안 베었다고 댓글 달아주신 찜닭 레시피를 2가지 방법으로 보완해서 다시 가져왔어요 재미있게 봐 주셨으면 좋겠습니다🤍


⏰타임라인
0:00 인트로
0:19 Day 1. 명란솥밥
3:39 D",4346,59,16,https://www.youtube.com/watch?v=zYa_WsqPTw8
AiG-nsmKcaw,신혼부부 요리,"힘든 하루 끝 특식🍲 맞벌이 신혼부부 집밥￼ | 굴솥밥, 항정살볶음우동, 버섯크림파스타",부부요리 - 퇴근 후 집밥,2025-12-13,"안녕하세요, 한주 잘 보내셨나요?
이번 주는 ￼기온이 영하로 뚝 떨어졌어요 ❄️
￼이렇게 추운 날 집에 콕 박혀서 
더 알차고 맛있게 집밥 해 먹었답니다 ㅎㅎ

신혼부부가 함께 요리한 퇴근 후 집밥 브이로그
재밌게 봐주세요 🤍￼

[타임라인]
0:00 인트로
0:12 제철 굴 솥밥
2:43 이베리코 항정살 볶음우동
5:38 ￼버섯크림파스타

[레시피]￼

￼￼￼￼🥘 굴솥밥

✅ 재료 : 굴 300g, 쌀 300g, 편마늘, 표고버섯 2개, 무 1/5
✅ 솥밥 간 : 들기름 1, 참치액젓, 멸치액젓 각 반스푼
✅ 양념장 : 대파 1/",3525,39,0,https://www.youtube.com/watch?v=AiG-nsmKcaw
FdyFy1Uy3zc,신혼부부 요리,"10만원 아꼈습니다💸 진짜 쉬운데 우리집이 맛집되는 식비절약 루틴 | 등촌샤브칼국수, 성시경수육, 냉이된장찌개",부부요리 - 퇴근 후 집밥,2026-03-02,"안녕하세요! 퇴근 후 삶을 가볍게 만드는 부부요리 입니다. 🐧🧡

요즘 외식 한 번 하기가 무섭죠? 저도 퇴근하고 너무 피곤해서 배달 앱 켰다가 가격 보고 조용히 앱을 껐습니다.

그래서 봄 제철 미나리, 냉이랑 고기로 맛집 메뉴 3종을 뚝딱 차려냈어요! 추억의 등촌 샤브샤브 칼국수, 야들야들 촉촉한 초간단 수육, 상큼한 냉이 된장찌개와 퐁신한 계란말이까지! 

우리집이 역대급 맛집이였던 이번주 영상 재미있게 봐 주세요✨

[타임라인]
0:00 인트로
0:23 Day.1 등촌샤브칼국수
3:27 Day.2 N번 해 먹은 성시경수육
7",25516,676,63,https://www.youtube.com/watch?v=FdyFy1Uy3zc
UGg_4DwLFlk,신혼부부 요리,"고물가 뿌셔👊 치킨 1마리 값으로 해결! 맞벌이 부부의 3만원 일주일 집밥 (찜닭, 짜박두부, 무치즈전￼ 등)",부부요리 - 퇴근 후 집밥,2026-01-18,"안녕하세요~ 이번 주도 잘 보내셨나요?

맞벌이 퇴근 후 삶을 가볍게 만드는 부부요리 입니다 ☺️

요즘 치킨 한 마리 배달시키면 배달비까지 거의 3만 원이죠. 그 돈이면 저희 부부가 일주일 내내 따뜻하고 풍성한 저녁을 누릴 수 있더라고요!!

물론 귀한 재료들로 요리한 건 아니지만~
평소에 해먹는 소박한 요리들로 식비도 절약 하고,
￼코스트코 가기 전 냉털도 한 영상 재밌게 봐주세요 ㅎㅎ


[타임라인]

0:00 인트로
0:18 Day.1 안동찜닭🐓
3:23 Day.2 짜박두부🌶️
6:24 Day.3 샨티샨티 냉털카레야~
8:4",28054,342,51,https://www.youtube.com/watch?v=UGg_4DwLFlk
0s33WXriFps,신혼부부 요리,퇴근 후 뚝딱🙌 초간단 솥밥 레시피 3가지 | 맞벌이 신혼부부 집밥 | 스테이크 삼치 송화버섯 ,부부요리 - 퇴근 후 집밥,2025-12-21,"안녕하세요 😀￼
이번 한 주도 잘 보내셨나요?

날이 추워져서 같지은 밥과 누룽지까지 먹을 수 있는 따끈한 솥밥 레시피 3가지를 준비해봤어요 ㅎㅎ

솥밥은 오래 걸리고 어렵다는 생각, 저도 있었는데
이번 주 평일 저녁 세 번이나 솥밥을 해 먹었는데도
전혀 귀찮지도 어렵지도 않았어요 
오히려 냄비 하나로 요리 하니까 설거지가 줄더라구요

2인분 기준 쌀은 한컵 반, 
마른불림 해 두고 씻고오면 바로 조리 시작!

쌀이 끌어 오를 때까지￼ 저어주다가
뚜껑덮고 약불 10분, 뜸 10분이면 끝나요 😀 


0:00 인트로
0:21 스테이크",2605,38,14,https://www.youtube.com/watch?v=0s33WXriFps
V15C4yuqX_A,신혼부부 요리,"“실패 없이” 저녁 고민 끝!🙌 이건 진짜 팔아도 돼요🤤 맞벌이부부의 ￼맛보장 집밥 (알쭈꾸미샤브, 순살 닭볶음탕, 술찜파스타)",부부요리 - 퇴근 후 집밥,2026-03-15,"안녕하세요, 맞벌이 부부의 퇴근후 삶을 가볍게 만드는 부부 요리 입니다 🐧🦭

아직도 퇴근길에 ”오늘 저녁 뭐 먹지!“ 고민하시나요? 

이번 주 메뉴는 진짜 밖에서 팔아도 되겠다 싶을 정도로 역대급 맛도리라 #저녁메뉴추천 이 필요 하신 분들께 도움 드릴 수 있을 것 같아요 💕 매번 식비 절약하느라 고생하는 우리 부부, ￼가끔은 이런 '맛있는 투자'가 필요하더라고요 ㅎㅎ 

제철이라 알이 꽉 찬 쭈꾸미 샤브샤브부터, 조미료 없이도 깊은 감칠맛이 폭발하는 백합술찜 파스타, 그리고 밥 두 공기 순삭하는 닭볶음탕까지! 

지금 바로 시작",7934,126,26,https://www.youtube.com/watch?v=V15C4yuqX_A
Om93lXpEfUs,신혼부부 요리,제육볶음 해먹는 일상 #집밥브이로그 #집밥 #요리로그 #cooking #신혼부부,캄보라 CalmBora,2025-08-09,,118174,559,7,https://www.youtube.com/watch?v=Om93lXpEfUs
WrXtmtQPj1Y,신혼부부 요리,부부싸움 후 남편 야식,하뉴,2024-02-17,"싸우러 갔습니다.



#요리 #집밥 #야식 #후..",18113035,286918,4243,https://www.youtube.com/watch?v=WrXtmtQPj1Y
inK-p8zcUKo,신혼부부 요리,"너무 쉬운데 맛은 기똥찬✨ 맞벌이부부 현실 집밥 (2인분 레시피👇 고등어김치찜, 냉라면 등)",부부요리 - 퇴근 후 집밥,2026-05-24,"안녕하세요, 맞벌이부부의 퇴근 후 삶을 가볍게! 부부요리입니다 🐧🧡

쉬는 날이 많았던 5월 잘 보내셨나요?
저희는 야근 폭탄 맞아서 거창한 저녁 요리는 부담스럽더라구요..😂 
그럴 때 10~20분이면 뚝딱!
해 먹을 수 있는 집밥 레시피 가져왔어요
(영상 저장! 후 아래 레시피 참고하세요 ㅎㅎ)

[타임라인]
0:00 인트로
0:19 Day.1 고등어 김치찜
4:05 Day.2 더 쉬운 ""컵""냉라면
7:11 Day.3 생연어회

#cooking #집밥 #koreanfood #집밥브이로그 #맞벌이부부 #2인가구집밥 #신혼부부집밥 #",1657,22,17,https://www.youtube.com/watch?v=inK-p8zcUKo
dgOPygpRYGw,신혼부부 요리,신혼여행 현실 feat.반신욕 #우유커플 #발리,우유커플 Milk_couple,2023-12-21,,22987363,215170,1277,https://www.youtube.com/watch?v=dgOPygpRYGw
T9Zm4_IhVO0,신혼부부 요리,맞벌이 부부를 위한 매월 1일 고기반찬 루틴🥩🍖,다다살림,2024-08-01,,2979243,48912,512,https://www.youtube.com/watch?v=T9Zm4_IhVO0
zB5vXfosh3Q,신혼부부 요리,초간단 버섯 크림 파스타 #신혼부부요리 #레시피 #집밥레시피 #집밥 #점메추 #저메추 #자취요리 #간단요리 #버섯요리 #파스타 #냉털요리 #냉털파스타 #냉털 #냉장고파먹기,임짱네,2025-06-16,,4587,38,0,https://www.youtube.com/watch?v=zB5vXfosh3Q
6nVY0thzbVc,신혼부부 요리,📍귀찮을 때 후루룩 만들어 먹는 #계란김국수,오오밥상,2025-09-07,#레시피공유 #레시피 #레시피추천 #소면레시피 #소면 #면요리 #잔치국수 #잔치국수레시피 #잔치국수만들기 #멸치국수 #계란국수 #김국수 #신혼밥상 #집밥요리 #집밥 #자취요리 #자취생요리 #자취생집밥 #신혼부부집밥 #주부요리 #아이반찬 #요리동영상 #레시피영상,2990922,24872,187,https://www.youtube.com/watch?v=6nVY0thzbVc
pTEwg5DKKao,신혼부부 요리,"남편 없는 날💃 재료 딱 2개로 혼밥하는 초간단 집밥 레시피 (김치비빔국수, 들기름미나리파스타 등)",부부요리 - 퇴근 후 집밥,2026-03-21,"안녕하세요, 맞벌이 부부의￼ 퇴근후 삶을 가볍게 만드는 부부요리 입니다 🐧🧡￼

남편이 해외 출장을 갔습니다. ✈️
자취 경력도 꽤 있어서 혼자서도 씩씩하게 잘 먹고 잘 지낼 줄 알았는데, 늘 둘이 북적이다 혼자가 되니 생각보다 어찌나 외롭고 귀찮던지요. ㅎㅎ

이번 주 내내 배달 앱의 유혹이 정말 컸지만! 꾹 참고 냉장고 속 재료들로 ￼버티며 나름의 힐링 타임을 가졌습니다. 막상 혼자 요리해 보니 매일 집밥 해 드시는 1인 가구분들 정말 존경하게 되더라고요. 🙏

재료 딱 두 가지만 있으면 충분합니다! 복잡한 거 싫어하는 맞벌이 ",3047,47,4,https://www.youtube.com/watch?v=pTEwg5DKKao
bikH1t_qCUU,신혼부부 요리,20대 주부의 집밥 모음💖 쉽고 맛있는 30가지 신혼 요리 레시피! (1-5月 vlog 압축),초이프,2024-05-12,"쓰리잡러의 요리 영상 압축.zip

안녕하세요, 초이프입니다!

집밥 모음집 영상을 만들 때는 
항상 레시피 파일을 공유드리곤 했는데요,

제가 직접 만든 파일을 도용하여
무단 복제 및 배포, 창작물 제작 등의 
금전적 이득을 취한 분들이 계셨습니다.

발견하신 구독자님들께서 알려주신 덕분에
정말 빠르게 조치를 취할 수 있었지만...
이 모든 상황이 피로로 다가오는건 어쩔 수 없네요.

솔직히 말씀드리자면 레시피 모음집 영상은
업로드하지 않는 쪽이 제 채널 운영에 더 좋아요.

저는 요리 솜씨가 아닌 학생 부부의 삶,
우리는 어떤 ",184750,0,165,https://www.youtube.com/watch?v=bikH1t_qCUU
jHGoRbfpuNQ,신혼부부 요리,[집밥log] 삼겹두부조림 | 신혼부부집밥 | 식비절약 | 저녁메뉴 | 저녁식단 | 집밥 | 7월 1주,짠돌부부log,2023-07-10,"#삼겹두부조림
밥 비벼먹기 딱 좋은 국물 자박자박한 두부조림이에요! 
제 남편은 두부조림만 있으면 밥 세공기를 뚝딱한답니다 :-) 
이번에는 냉동실에 있던 삼겹살 한 줄도 구워 올려주었어요! 꼭 삼걉살이 아니여도 냉동실에 굴러다니는 고기를 함께 곁들이면 더 맛있어진답니다 ^^ 

오늘도 행복한 저녁 되세요 🩵

* 당분간 업로드가 어려울 것 같네요 ㅠㅠ 이제 곧 아기가 나올 것 같아요..... 편집할게 산더미인데..... 진통이 시작된 것 같아요 순산하고 오겠습니다 


[이번 주 구매한 식자재 중 사용한 것]
 💸 두부  | 1,",694591,4278,0,https://www.youtube.com/watch?v=jHGoRbfpuNQ
PREzemHc53k,신혼부부 요리,2025.ver 신혼 집밥 모음!!🔥20대주부의 쉽고 빠른 33가지 레시피 공유❤️,초이프,2025-07-20,"정말 많은 분들이 기다려주신 집밥 레시피 모음!

집밥 모음집은 1년 2~3개씩 나오고 있었는데
지금보다 텀이 더 길어지거나 만들지 않을수도 있어요.

첫 번째 이유. 초이프는 신혼 vlog가 메인이다.
제 일상 중 요리하는 것은 정말 일부분인데
이렇게 모음집으로 만드니 '요리 전문 채널' 로
인식하시고 요리만 기다리는 분들이 계시더라구요.

기다려주시는 건 너무나 감사한 일이지만
제가 추구하는 채널 방향과 맞지 않다고 생각합니다.
굳이 모음집이 아니더라도 매주 주말 영상에 
저희 집밥은 항상 나오고 있으니까요 ☺️

두 번째 이유",140549,0,249,https://www.youtube.com/watch?v=PREzemHc53k
PRqR-bsZwrw,신혼부부 요리,이거 먹으러 이제 멀리갈 필요 없습니다.,자취요리신 simple cooking,2023-05-14,,3846550,57931,296,https://www.youtube.com/watch?v=PRqR-bsZwrw
XB6dtU61iok,새댁 광파오븐,"박새댁vlog🎬 | 첫 홈베이킹 도전! 광파오븐으로 마들렌 만들기+일리커피머신,홈카페 브이로그",박새댁,2019-09-24,#홈베이킹 #마들렌만들기 #홈카페,3602,15,5,https://www.youtube.com/watch?v=XB6dtU61iok
veAZ5Z-6Uj8,새댁 광파오븐,머쉬멜로우 광파 오븐에 구워봤더니,거지당 교환화폐(스토리머니),2020-02-29,#위즈웰 #머쉬멜로우 #광파오븐,122,1,0,https://www.youtube.com/watch?v=veAZ5Z-6Uj8
OUuVXPPWyVM,새댁 광파오븐,광파오븐으로 만드는 얼그레이 마들렌,파인,2020-04-23,"커피와 함께 하면 더 좋은 얼그레이 만들기


출처: http://incompetech.com/music/royalty-free/index.html?isrc=USUAN1100238
아티스트: http://incompetech.com/",2976,11,1,https://www.youtube.com/watch?v=OUuVXPPWyVM
22GkiBsBCCU,새댁 광파오븐,초보새댁의 똑똑한 오븐이용법,우나에오,2020-01-03,오븐은 좋은데....,3297,10,5,https://www.youtube.com/watch?v=22GkiBsBCCU
u-g87ADSDv8,새댁 광파오븐,광파 오븐으로 프랑스 빵 만들기,solutus,2020-07-07,"http://solutus.tistory.com/
광파 오븐으로 프랑스 빵 만들기
2020. 7. 7.",1899,13,4,https://www.youtube.com/watch?v=u-g87ADSDv8
rQk6cEnp4Gk,새댁 광파오븐,최애 치킨인 고추바사삭#주방꿀템,오인스 saedek_oins,2024-07-29,,5204981,153153,819,https://www.youtube.com/watch?v=rQk6cEnp4Gk
o7UOCooyExo,새댁 광파오븐,NO버터스콘! LG광파오븐 홈베이킹 #생크림스콘 만들기,오늘_today,2019-05-03,"안녕하세요 :- )
버터없이 생크림으로 간단히 만들어본 스콘입니다

#재료

중력분(다목적용) 200g
소금 1g
베이킹파우더 5g
설탕 30g
생크림 200ml

오븐- LG광파오븐 / 200도예열 20분구움



구독과 좋아요는 큰 힘이됩니다!",4746,45,3,https://www.youtube.com/watch?v=o7UOCooyExo
-csHC_V5Pmk,새댁 광파오븐,집에서 하는 제누아즈 일일 쿠킹 클래스(feat. 광파오븐),solutus,2020-09-30,"http://solutus.tistory.com/
집에서 하는 제누아즈(케이크 시트) 일일 쿠킹 클래스(feat. 광파오븐)",163,2,0,https://www.youtube.com/watch?v=-csHC_V5Pmk
HtlSSlXeBN0,새댁 광파오븐,오늘의 베샵일기 – LG 디오스 오브제컬렉션 광파오븐 편,LG전자 베스트샵,2023-09-20,"결혼 후 처음 맞이하는 명절,
예쁨 받는 새댁이 될 비장의 무기는
바로 LG 디오스 오브제컬렉션 광파오븐!😉
⠀
찜, 구이 등 어떤 요리도 가능한
9가지 기능을 활용하면
올 추석 상차림 전~혀 걱정 없어🧑‍🍳
⠀
올 추석엔 요알못인 나도
광파오븐 덕분에 야무진 새댁 예약!🥰
______________________
⠀
[LG 디오스 오브제컬렉션 광파오븐 포인트🍽️]
⠀
1️⃣9가지 기능이 있으니 어떤 요리도 OK!
⠀⠀생선구이도, 갈비찜도 뚝딱 완성이야~
⠀
2️⃣LG ThinQ 앱으로 레시피 검색하면
⠀⠀식재료, 조리법까지 확인할",539,7,0,https://www.youtube.com/watch?v=HtlSSlXeBN0
SHLs4ekzd3g,새댁 광파오븐,당근 케이크 만들기/광파오븐 베이킹/미니오븐 베이킹 [에리얼 ariel],에리얼 ariel,2020-12-16,"150초만에 다 보는 당근 케이크 만들기♡

오타: 텍스트 입력 → 당근 150g과 피칸, 호두 한 줌 정도

※'HADA at HOME하다앳홈'님 레시피입니다※
https://youtu.be/Odj0eQXNuDM",185,2,2,https://www.youtube.com/watch?v=SHLs4ekzd3g
92yhYaZjaWg,새댁 광파오븐,광파오븐을 이용해서 호박고구마로 맛있는 군고구마로 만들어 보았어요~,돼지각시,2019-10-15,"안녕하세요~ 돼지각시에요.
날씨가 쌀쌀해지니 따끈따끈한 군고구마가 생각나네요
오늘은 집에서도 맛있는 군고구마를 만들 수 있는 방법을 가지고 왔어요
여러분들도 한번 도전해보세용~~",21187,172,32,https://www.youtube.com/watch?v=92yhYaZjaWg
90JW4bXE-54,새댁 광파오븐,광파오븐 스타일링,유주lee,2017-09-07,,701,7,0,https://www.youtube.com/watch?v=90JW4bXE-54
Nsvg3KNYK4Q,새댁 광파오븐,[경주댁 오누나] 광파오븐 l 초간단 멘보샤 l 파는 것보다 맛있는 칠리소스 만들기,Ohnuna경주댁오누나,2019-07-29,"#경주댁오누나 #멘보샤만들기 #칠리소스만들기 #광파오븐요리 #광파오븐멘보샤 #파는것보다맛있는칠리소스만들기

멘보사 6개 만드는 기준입니다.

**재료
식빵,새우(8개),후추,소금

**칠리소스재료
다진마늘1T, 설탕2T, 식초1T, 케찹3T, 굴소스1T

집에서 한번 해보셔요:)",3901,0,3,https://www.youtube.com/watch?v=Nsvg3KNYK4Q
AvWWGTYfryw,새댁 광파오븐,광파 오븐  커피 로스팅(turbo oven coffee roaster),clearair,2020-03-08,광파 오븐  커피 로스팅(turbo oven coffee roaster),812,9,0,https://www.youtube.com/watch?v=AvWWGTYfryw
D6V_V-QKp2w,새댁 광파오븐,#바스크치즈케이크 #치즈케이크 #홈베이킹 #가정용오븐 #엘지디오스광파오븐,봄가루,2020-06-28,"오늘은 바스크치즈케이크를 만들어봤어요!

저번에 베이지베이킹님의 바스크치즈케이크 영상을 보고 비쥬얼심쿵을 당해서 베이킹 욕구가 뿜뿜했답니다!!
재료와 레시피는 베이지베이킹님의 영상을 보면서 공부했구요~😎
https://youtu.be/D9yuSBFPZX0

만들기도 너무 쉽고 비쥬얼은 물론 맛도 정만 찐한 치즈케이크라서 강츄입니다!♡


🧀재료
크림치즈 220g
설탕 40g
옥수수전분가루 5g
계란 1알
바닐라에센스 약간
생크림 60g

🧀오븐온도
엘지디오스광파오븐
예열없이 220도 25분

오늘도 보러와주셔서 감사합니다!
좋아요🧀",1351,12,4,https://www.youtube.com/watch?v=D6V_V-QKp2w
SGwYWHvVmaM,새댁 광파오븐,"신세경님 따라서 파르미지아나 만들기, 집순이의 광파오븐요리",파인,2019-11-19,#파르미지아나 #집순이 #집밥,504,4,0,https://www.youtube.com/watch?v=SGwYWHvVmaM
mobusW_m_3Y,새댁 광파오븐,한경희 광파오븐,Nami Kim,2018-12-18,집에서 나가기 싫을 때 간식과 함께라면~~,459,1,0,https://www.youtube.com/watch?v=mobusW_m_3Y
dVnwCRCtgvI,새댁 광파오븐,대파치즈스콘 /너무쉬운 스콘만들기 /광파오븐 스콘만들기 /green onion scones recipe/홈베이킹,서울여자 ,2020-11-15,"안녕하세요. 
제가 처음 도전해보는 스콘을 만들어보려고 하는데요. 
스콘 중에도 유명한 #대파치즈스콘 인데, 그리 어렵지 않더라구요. 
집에 있는 재료로 만드는 대파치즈스콘으로 한끼를 든든하게 해결해보세요.
8년된 LG광파오븐을 이용해서 180도 20-25분구워서 만들었습니다 

#대파스콘 #대파치즈스콘 #홈베이킹

#대파치즈스콘재료  주먹만한크기 3개분량  -- 취향대로 조절해 보셔도 되요. 
박력분 150 
베이킹파우더 7.5 
소금 2
설탕 30
버터 75
대파 (취향대로)
치즈 1.5-2 장 
생크림 25
우유 40 



",1032,12,3,https://www.youtube.com/watch?v=dVnwCRCtgvI
XqiP-5mrCPU,새댁 광파오븐,"호박파이, 아몬드 쿠키 만들기 디오스 광파오븐 클래스",희재맘희재꼬 l 엘리감성로그,2012-07-03,"호박파이, 아몬드 쿠키 만들기 디오스 광파오븐 클래스",3372,4,0,https://www.youtube.com/watch?v=XqiP-5mrCPU
h8kcNZTSmTY,커플요리 오븐,칭찬 받는 BEST 홈파티 메뉴 6가지 w.브레빌 오븐 | 인생 첫 친정엄마&남편 생일상 차리기 | K장녀의 이야기,나타샤블루 Natashablue,2025-05-21,"인생 처음으로 만들어 본 친정엄마&남편 생일상.
한식 말고, 조금 특별한 상차림 구성을 해봤는데,
양식에 익숙하지 않은 어른들도 좋아할만하다는 친정 아빠의 칭찬을 들었습니다.❤️

이번 홈파티는 브레빌의 신제품 스마트 오븐 에어프라이어XL와 함께 준비해봤는데요.
네이버 공식 스토어나 입점 백화점에서 만나보실 수 있어요.

https://brand.naver.com/breville/products/11635797503

#홈파티 #집들이 #살림브이로그 #집들이음식 #홈파티요리

👩🏻‍🍳영상 속 레시피

📍베이비백립
-등갈비 1.5Kg",21894,491,86,https://www.youtube.com/watch?v=h8kcNZTSmTY
lKoeEYCOHeM,커플요리 오븐,집에 파스타면이 있다면 꼭 보세요,자취요리신 simple cooking,2024-05-15,,8241104,279177,1272,https://www.youtube.com/watch?v=lKoeEYCOHeM
PvATWvz4OWY,커플요리 오븐,불쓸 필요없는 초간단 파스타!! #한그릇요리 #손님초대요리 #집들이음식추천 #초간단요리 #자취요리 #EasyDinnerIdeas #LunchIdeas #저녁메뉴추천 #홈파티음식,푸디젠 Foodie Jen,2024-10-18,,2748778,48171,536,https://www.youtube.com/watch?v=PvATWvz4OWY
KbENwfUCIw4,커플요리 오븐,"손 많이 안 가는데, 티는 많이 나요😋",봄홈카페,2025-05-21,"#치즈볼 #스프레드 #크림치즈 #크림치즈레시피 #건강한레시피 #간단레시피 #간단요리 #고급간식 #파티음식 #홈파티요리 #홈파티음식 #홈파티메뉴 #홈파티 #와인안주 
#healthysnacks  #cheeseballrecipe  #CreamCheeseSnack #nobakerecipes   
#homecafe #partyappetizers  #winepairing  #snackplatter",723203,5194,68,https://www.youtube.com/watch?v=KbENwfUCIw4
FIpTDuzd8Po,커플요리 오븐,🔥700만뷰🔥 전세계에서 가장 맛있는 연어 레시피,나니까 NANNIKA,2024-12-09,"✨크림치즈 연어 파스타✨
연어 400g
소금 후추 살짝 
샬롯 한개 혹은 양파 반개 
마늘 7쪽 
버터 한쪽 
오르조 1컵 (200g) 
물 2컵 (400g) 
크림치즈 2T 
토마토 페이스 1T
시금치 반단 
치킨스톡 1T 
레몬 1개 

- 연어 400g은 먹기 좋은 크기로 잘라 소금후추 밑간을 하고 달궈진 팬에 겉면이 노릇해질 정도로만 익혀줍니다 (오버쿡 되면 맛없으니까 정말 2분 정도 빠르게 구워주고 빼주세요) 
- 연어는 꺼내 사이드에 보관해주세요 
- 샬롯이나 양파는 다져 준비하고 마늘도 다져줍니다 
- 연어 굽던 팬에 ",1691507,41491,238,https://www.youtube.com/watch?v=FIpTDuzd8Po
Lk5PAQMc1z8,커플요리 오븐,연말 홈파티 메뉴 에그인헬 추천🎄,델리 테이블 Deli Table,2024-12-10,"에그인헬🍅🥚

연말 홈파티 메뉴로 추천드리는 에그인헬
아랍어와 터키어로는 샥슈카라고도 불리우는 
에그인헬은 말 그대로 ‘지옥에 빠진 달걀’이랍니다.🙂

토마토 소스에 달걀이 들어 있어
한 끼 식사로도 좋답니다.
바게트나 식빵을 곁들여 먹어도 맛있어요.
남은 소스는 파스타면 삶아 섞어드셔도 됩니다.
에그인헬 맛있게 만들어 드세요.💛

✅ 재료

달걀 3개
토마토소스 300ml
물 50ml
양파 1/2개
양송이버섯 3개
빨강 파프리카 1/3개
베이컨 3줄
모짜렐라 치즈 1/2컵
다진 마늘 1T
올리브유 2T
소금 한 꼬집
후추 약간
파",26720,400,6,https://www.youtube.com/watch?v=Lk5PAQMc1z8
--M5pz8iDwU,커플요리 오븐,⭐️50만뷰⭐물개박수 받는 집들이요리4,간단한끼 요오리,2025-08-27,,965897,14542,173,https://www.youtube.com/watch?v=--M5pz8iDwU
L7_lN6MzWwc,커플요리 오븐,"📍15분만에 뚝딱 만드는 맛있는 오므라이스, 소스도 간단하게!",골든 글로우  Golden glow ,2025-03-19,"냉장고에 재료가 별로 없을 때
만만한게 볶음밥이잖아요.☺️

그 중에서도 오늘은 아이들도 정말 
좋아하는 오므라이스를 만들어 봤어요.

재료가 많으면 써는 것도 귀찮아서
딱 3가지만 넣어서 원팬으로 만들었어요.

소스도 간단하고 쉬우니 꼭 만들어보세요^^


( 오므라이스 만들기 )


✅레시피 재료

밥 1공기
양파 1/2개
베이컨 3줄
계란 3개


✅양념소스

돈까스 소스 3큰술
케첩 2큰술 
물 5큰술


​✅밥 양념

간장 1
맛술 1
케첩 2
후추


---------------------------------------",1779066,37152,207,https://www.youtube.com/watch?v=L7_lN6MzWwc
-gvKkKkRbfc,커플요리 오븐,비쥬얼 최고 홈파티 음식! Best Date Night Idea at Home #steak_cooking #mukbang #미국주부 #미국일상 #dinnerideas #스테이크,푸디젠 Foodie Jen,2024-03-08,"스테이크 잘굽는법!

1. 꼭!!! 굽기 최소 30분전에 고기를 냉장고에서 꺼내 실온에 두고 룸 온도와 비슷해지도록 해주세요. 일관된 온도로 조리되어 외부만 과도하게 익히는것을 방지해줘요. 차가운 스테이크로 요리하면 익기전에 육즙부터 빠져요.

2. 키친타올로 수분 및 핏물 제거해주세요. 핏물이 없어야 노릇노릇 색깔이 잘 나고 스테이크 감칠맛이 올라가요.

3. 고기의 양쪽, 옆면까지 소금,후추로 많다 싶을정도로 넉넉히 간 하고(어자피 구우면서 많이 떨어져나가요) 요리유 양면에 발라주세요.

4. 코팅 잘된 팬에(안되어있으면 기름 ",2356578,29543,646,https://www.youtube.com/watch?v=-gvKkKkRbfc
mXdTfzqlxOA,커플요리 오븐,🎉 평생 써먹는 집들이메뉴 3가지,사라주뷰,2025-08-23,,319033,2162,12,https://www.youtube.com/watch?v=mXdTfzqlxOA
3-SjcmgxhiM,커플요리 오븐,귀여움 주의!!!! 단 5가지 재료🧈 초간단 식빵 버터쿠키,지현쿡,2024-10-23,,1721849,42510,74,https://www.youtube.com/watch?v=3-SjcmgxhiM
JJnnYszfMTo,커플요리 오븐,카다이프면까지 직접 만든 두바이초콜릿 1탄 #shorts,우유커플 Milk_couple,2024-08-13,,609563,13175,88,https://www.youtube.com/watch?v=JJnnYszfMTo
sPeEcFdaD0M,커플요리 오븐,너무 쉬워서 매일 먹는 두부 계란요리 Easy Tofu Egg Recipe,루다 테이블 Luda Table,2024-02-14,"아침에 두부와 계란을 이렇게 드세요! 속편하고 영양가득한 한끼가 완성됩니다👍💯


Copyright © 루다 테이블 Luda Table. All rights reserved.
🎵Music provided by 브금대통령



#두부 #간단요리 #다이어트식단 #계란 #두부계란
몸에 좋은 두부도 쉬워야 자주 해먹지",8379232,149390,968,https://www.youtube.com/watch?v=sPeEcFdaD0M
NPyg88Oc2kY,커플요리 오븐,"뭔 두부가 이렇게 맛있다냐, '두부조림' 레시피 알려드릴게요!",추추의 한끼식사,2025-02-17,,4931230,70134,553,https://www.youtube.com/watch?v=NPyg88Oc2kY
MYJ4tR70HD4,커플요리 오븐,통대창 먹방의 현실 #shorts,한살차이 [Hansal],2022-12-26,#shorts,16611067,179882,1203,https://www.youtube.com/watch?v=MYJ4tR70HD4
smK1V6QGzEo,커플요리 오븐,직접 만든 로제소스에 푹 찍어 먹는 겉바속촉 오븐구이 통닭 먹방,나진커플 Najin Couple,2025-12-01,"생크림 없이 만드는 로제소스 (출처 유튜브 : 어설픈등심이)


***로제 소스 재료***
우유 3컵,고추장 1.5큰술,카레 1큰술,고춧가루 1큰술,진간장 1큰술,
설탕 1큰술,슬라이스 치즈 1~2장,떡,소세지등



저희는 위 레시피에서  떡을 제외하고 전분물을 추가하여 찍어 먹을수 있게  만들었습니다

오랜시간 기다려 주시고 시청해 주셔서 감사합니다 😍😍",33183,1487,171,https://www.youtube.com/watch?v=smK1V6QGzEo
oNdIC91PrC4,커플요리 오븐,'웰컴 투 소셜 테이블' 홈파티 오븐 요리,Olive,2015-03-30,"셰프들의 홈파티는 스케일이 다른다!
셰프들과 지인들이 함께해서 더 즐거운 웰컴 투 소셜 테이블!

'올리브쇼 2015' 매주 화요일 밤 9시 본방송",2644,7,0,https://www.youtube.com/watch?v=oNdIC91PrC4
nYG47RJT4Bs,커플요리 오븐,또띠아에 싸먹는 오븐 치킨?! #shorts,빵야빵야 bbangya,2023-08-29,,2626,28,0,https://www.youtube.com/watch?v=nYG47RJT4Bs
WJ_cg8qBE6s,신혼살림 가전,신혼부부 가전 총 비용 얼마 들었을까? #신혼살림 #결혼준비,팡팡쀼 PangPangCouple,2024-09-26,"가전은 LG로 할까?
삼성으로 할까? 고민하시는 분들 많으시죠?

LG가 좋다고는 하지만,
가격대가 너무 비싸고…

삼성으로 견적 뽑자니..
LG제품 몇 개가 탐나고..ㅎ


저희는 가전제품마다 원하는 브랜드가 확실했던 편이라, 총 견적 안받고 개별적으로 필요한 것만 구매했는데요.

저희 커플처럼 원하는 가전마다의 브랜드가 뚜렷하거나
필수가전만 구매하시는 분들을 위해 견적 공유해보아요.


✨신혼부부 필수 가전 총 얼마 들었을까?

✅삼성 세탁&건조기(일체형)
3,292,920원

✅LG에어컨 (2in1)
1,960,000원

✅L",172364,412,35,https://www.youtube.com/watch?v=WJ_cg8qBE6s
5d7HmA83PWw,신혼살림 가전,신혼가전 사라 마라 | 결혼 9년차가 딱 정해줌,가전주부,2024-06-25,상황에 맞게!,221657,1657,142,https://www.youtube.com/watch?v=5d7HmA83PWw
WXL9_Z7x8Xs,신혼살림 가전,신혼집 가전 lg로 채우면 얼마드나요? #lg가전 #신혼집인테리어,Selina_yak,2025-08-06,"🏡신혼 LG 가전 10종 이렇게 샀어요! ⠀
가전 리스트와 최종 견적 모두 공개합니다 🙂 ⠀
⠀
가전을 구매하면서 느낀건 시간이 지날수록 견적이 오른다는 거예요. 그래서 입주 일정이 정해지면, 미리 가전 구매하고, 배송일을 입주일정으로 맞추는 것이 좋더라구요!⠀
⠀
LG 가전 고민중이신 분들을 위해 ⠀
제품명, 모델명 공유드려요! ⠀
⠀
1. LG DIOS fit & Max 냉장고 (M626AAA032)⠀
2. LG DIOS 김치 냉장고 (Z323GB8)⠀
3. LG QNED 75인치 (75QNED85TKW)⠀
4. LG 올인워시 ",154320,219,36,https://www.youtube.com/watch?v=WXL9_Z7x8Xs
UznVuoN7VZU,신혼살림 가전,신혼살림 추천템 3가지! 이거 사길 진짜 잘했다 #신혼부부 #살림꿀팁 #신혼가전,팡팡쀼 PangPangCouple,2024-11-17,,8250,78,1,https://www.youtube.com/watch?v=UznVuoN7VZU
ruUBMWHOL1I,신혼살림 가전,(광고❌) 딩크 아니면 결국 다 후회한다는 신혼 가전가구 😇,시골쥐의 도시생활,2026-06-01,"아... 별 생각없이 신혼집을 가성비 가전가구로 차곡차곡 채웠던 과거의 나여...
심지어 리뷰 좋은 걸로 엄선해서 샀는데도 이렇습니다 😇
한편으로는 가성비로 샀기에 쉽게 버릴 수 있는(?) 장점도 있네요. 
신혼 선배님들, 동의하시나요 ! ㅋㅋㅋ 
제가 모르는 조언들도 댓글로 마구마구 남겨주세요 ♥
-----------
*골쥐네 신혼 자산관리표
https://jinjeongsung.netlify.app/?t=10&d=a

* 시골쥐가 운영하는 기초 경제스터디, 리치마우스
https://jinjeongsung.netlify.app/?",126857,1808,321,https://www.youtube.com/watch?v=ruUBMWHOL1I
cuSWI-GJoO8,신혼살림 가전,신혼가전 이건 다시 생각해보세요 #혼수템 #신혼부부,살림넬라 Nella,2025-02-14,,76768,200,5,https://www.youtube.com/watch?v=cuSWI-GJoO8
xe0VWlX4ljg,신혼살림 가전,신혼가전 잘 못산 비추천템  #가전 #신혼가전 #혼수가전 #가전견적,가전나우,2023-10-15,,131493,272,57,https://www.youtube.com/watch?v=xe0VWlX4ljg
OHRr-sXW5Z4,신혼살림 가전,혼수가전 견적서 싹 다 비교해봤습니다 🔥,버블리 bubblee,2025-07-31,"#혼수가전 #혼수 #결혼준비 
💍혼수가전 견적, 진짜 이렇게까지 차이 난다고요…?
신혼부부라면 꼭 비교해야 할 3대 가전 구매처
하이마트 / 백화점 / LG베스트샵
제가 직접 받은 견적서 원본부터, 무려 700만원 아낀 실전 꿀팁까지 싹- 공개합니다!

브랜드별 견적 차이, 제휴카드 조건, 멤버십 포인트의 함정까지
이 영상 하나로 가전 구매 실수 줄이세요 🙌

🕒 타임라인
00:00 인트로 
01:22 견적서 총 공개
11:37 혼수가전 700만원 아낀 꿀팁 5가지
16:38 LG 통수 썰 + 소비자가 꼭 체크해야 할 항목
19:2",35988,474,51,https://www.youtube.com/watch?v=OHRr-sXW5Z4
35JhOu8ERVU,신혼살림 가전,"혼수, 이사 예정되어 있으신 분들 주목해주세요. 가전 유통 전문가 출신이 가전제품 구매전략을 짜드립니다.",배디터-IT제품리뷰,2023-06-19,"혼수, 이사 예정되어 있으신 분들 주목해주세요. 가전 유통 전문가 출신이 가전제품 구매전략을 짜드립니다.

우선 가전제품을 구매 할 수 있는 채널 5가지를 소개하고 어떻게 활용해야하는지 방안에 대해서 소개합니다. 

1. 로드샵 (베스트샵, 삼성스토어(디지털프라자))
2. 양판점, 혼매점 (전자랜드, 하이마트)
3. 대형유통 샵인샵(이마트, 홈플러스)
4. 백화점
5. 인터넷

그리고 제품을 구매수량 기준으로 케이스를 구분하여 맞춤 구매전략을 전달합니다. 
추가 궁금한 정보가 있다면 댓글로 남겨주세요

#가전 #가전제품 #LG #삼",260271,1903,77,https://www.youtube.com/watch?v=35JhOu8ERVU
QAJ67ES8aOg,신혼살림 가전,쓰면 쓸수록 만족하는 신혼가전👰🏻🤵🏻🤍#신혼살림 #신혼가전,피글햇,2025-05-16,,4221762,43874,4857,https://www.youtube.com/watch?v=QAJ67ES8aOg
yIPe3cjC9ms,신혼살림 가전,쓸수록 만족하는 신혼가전 2가지!👩‍❤️‍👨 #신혼가전 #신혼살림,피글햇,2025-02-07,,456234,5989,984,https://www.youtube.com/watch?v=yIPe3cjC9ms
qbhJT90uYJ0,신혼살림 가전,24평 신혼집 혼수 가전가구 총 비용 얼마나 들까? 구매꿀팁,침대 알려주는 여자 | 노다지,2025-11-15,"#신혼가전 #혼수가전 #가전가구

혼수 가전가구 준비하면서 생각보다 금액도 크고
어디서 어떻게 사야할지 막막하셨던 분이라면 이 영상 꼭 보세요!!
제 경험을 참고하셔서 총 금액과 필요한 가전가구 구매하시는데
도움이 되시길 바라겠습니다👍
(💬궁금한 점 있으면 댓글로 남겨주세요!)

해당 영상은 쿠팡파트너스, 오늘의집, 네이버쇼핑 커넥트 활동의 일환으로
판매 발생 시 일정액의 수수료를 제공받습니다.
제품 정보 확인하실 수 있도록 아래에 링크 첨부하였습니다☺🔗

[📺가전]
LG 오브제컬렉션 세탁기+건조기 세트
https://ozip.me",2662,17,10,https://www.youtube.com/watch?v=qbhJT90uYJ0
Hlb2UBRaRkY,신혼살림 가전,신혼집 가전가구 총비용 알려드릴게요 🌝,슬동,2025-02-07,"신혼부부 가전,가구 총비용 과연 얼마일까요? 🏠



#신혼부부 #신혼부부가전 #혼수비용 #결혼비용
#가전 #가구 #가전졸업 #신혼집꾸미기 #신혼집
#신혼집가전총비용 #신혼집가구총비용 #혼수비용
#혼수후기 #가전총비용 #가구총비용 #휴도소파
#휴도 #하이마트 #엘지오브제 #엘지 #엘지혼수
#베스트슬립 #혼수가전견적 #혼수견적 #혼수발품
#혼수총비용 #가전품목 #신혼가구추천 #웨딩가전
#연애결혼 #결혼 #결혼준비과정 #웨딩준비과정",54569,63,1,https://www.youtube.com/watch?v=Hlb2UBRaRkY
dlWMz8bkI8g,신혼살림 가전,신혼 가전 이건 반드시 하세요 #내집마련 #구축인테리어 #신혼가전 #결혼준비,소소밍,2025-05-26,,81417,222,11,https://www.youtube.com/watch?v=dlWMz8bkI8g
KzhunxOxzKE,신혼살림 가전,신혼부부 가전 꼭 대기업 제품 풀세트로 맞춰야할까? #신혼부부 #내집마련 #부동산투자 #가전제품 #신혼가전 #아파트인테리어 #사회초년생 #재테크 #shorts,돈실먼지,2024-08-01,,17265,109,7,https://www.youtube.com/watch?v=KzhunxOxzKE
p7RlUzl1PgI,광파오븐 레시피,LG 광파오븐레인지 자동요리 사용방법,LG전자서비스,2024-10-16,"고객지원, 챗봇 상담에서 서비스 접수, 문제 해결 콘텐츠 등 더욱 다양한 정보를 확인해보세요. 
  • 고객지원 : https://www.lge.co.kr/support
  • 챗봇상담 : https://chat.lge.co.kr/

스마트한 시니어를 위한 영상이 모여있는곳은?
👉 https://www.youtube.com/@LG_Manual 👈

혹시 광파오븐레인지로 수동요리만 사용 하시나요?
알아두면 좋은 광파오븐레인지의 자동 요리 기능!
자동요리 기능은 이렇게 사용해요!

00:00 인트로
00:06 자동요리 수동요리 차이
0",18510,64,1,https://www.youtube.com/watch?v=p7RlUzl1PgI
szkWAJlXcHg,광파오븐 레시피,LG광파오븐 생선구이 최고 #vlog #food #생선구이 #일상 #요리,우당탁탁,2024-07-29,,81394,105,4,https://www.youtube.com/watch?v=szkWAJlXcHg
4dQ2isTKHIw,광파오븐 레시피,오븐 하나로 푸짐한 한상차림 뚝딱 만들기 / 요리가 쉽고 재미있어지는 살림템 추천 / LG디오스 오브제컬렉션 광파오븐,꿀주부 Honeyjubu,2023-06-16,"여러분 안녕하세요. 꿀주부예요. 😊💖

🌿 이 영상은 LG전자로부터 소정의 제작비와 함께 
     리뷰용 제품을 무상 제공받아 제작했습니다.

오늘은 LG 디오스 오브제컬렉션 광파오븐 하나로 
푸짐하고 맛있는 집밥을 만들어 보았어요.
누구나 쉽게 만들 수 있는 맛있는 한상차림~🥘🍳
이제는 광파오븐만 있으면 어떤 요리든 쉽게 뚝딱 만들 수 있어요.🤗

그럼, 다음 주에도 즐거운 영상으로 또 만나요.🥰



⭐ LG 디오스 오브제컬렉션 광파오븐 링크 : 
https://www.lge.co.kr/object-collection/ml32",900511,15921,561,https://www.youtube.com/watch?v=4dQ2isTKHIw
ue7aaGltKbQ,광파오븐 레시피,SUB) 광파오븐으로 완성하는 연말 파티 요리 11가지,헤이메이데이 heymayday,2023-12-29,"📍본 영상은 LG 디오스 오브제컬렉션 광파오븐의 유료광고를 포함하고 있습니다

📌 영상 속 제품 

LG 디오스 오브제컬렉션 광파오븐 
모델명 - ML32EW1
https://www.lge.co.kr/microwaves-and-ovens/ml32ew1

LG 디오스 오브제컬렉션 인덕션 
LG 디오스 오브제컬렉션 식기세척기 


• 02:30 치킨시저샐러드 (구이 기능)
• 05:33 스테이크 (구이 기능)
• 07:30 또띠아피자 (오븐 기능)
• 09:11 대게찜 (스팀찜 기능)
• 11:49 페타치즈파스타 (오븐기능)
• 14:",85403,1897,155,https://www.youtube.com/watch?v=ue7aaGltKbQ
-fSpS_rqFJ4,광파오븐 레시피,에어프라이어 광파오븐 추천 비교 사용기 제품리뷰,펀팩 funfac,2020-02-13,"쿠팡에서 구매하기 https://link.coupang.com/a/xKDUv
알리에서 구매하기 https://s.click.aliexpress.com/e/_DmnPMs7
스몰리그에서 구매하기 https://smallrig.kr/?ref=JRsoPyXY

링크를 통해 구매하시면 채널 운영에 도움이 됩니다
협력 프로그램으로 소정의 수수료를 제공받습니다
구매 가격은 동일합니다 감사합니다

촬영장비 CANON EOS M50

––––––––––––––––––––––––––––––
Track: I Want To Be — Declan DP",119621,1175,131,https://www.youtube.com/watch?v=-fSpS_rqFJ4
yFfI6QN3DBE,광파오븐 레시피,통삼겹🐖 레시피 제발 오븐에 넣으세요 🙏,남자 레시피,2022-03-11,"#통삼겹구이 오븐 #통삽겹 바베큐 #저녁메뉴 추천요리

[재료]
통삼겹살 1KG 내외

올리브오일, 통후추, 바질, 오레가노

홀그레인 머스타드, A1 스테이크 소스",101511,561,31,https://www.youtube.com/watch?v=yFfI6QN3DBE
gru2UiPJSkI,광파오븐 레시피,[성시경 레시피] 간장 양념 오븐 치킨 | Sung Si Kyung Recipe - Soy Sauce Chicken,성시경 SUNG SI KYUNG,2021-07-14,"성시경 레시피 #간장양념오븐치킨

#성시경​ #성시경유튜브​ #성시경레시피​
#성시경요리​ #성식영 #한국요리 #한국음식
 #치킨 #간장치킨 #오븐치킨 #맥주 #맥주안주


Sung Si Kyung Recipe #SoySauceChicken

#SungSiKyungRecipe #SSKRecipe
#Recipe #Food 
#kfood #koreafood #korearecipe #krecipe 
#Chicken #SoyChicken",214701,4438,470,https://www.youtube.com/watch?v=gru2UiPJSkI
Z91HE_qUgHY,광파오븐 레시피,"요리는 장비빨 광파오븐 추천 베스트 5 | 쉬운요리비법 |LG광파오븐, 삼성직화오븐, SK올인원오븐, 삼성 큐커, 트루리빙 오븐",아이엠템 (ITEM),2023-09-24,"먼저 오븐은 열을 가하는 방식에 3가지로 구분이 되는데요
열선을 공기로 가열해서 대류 복사열로 조리하는 방식인 컨벤션 오븐과
오븐에 팬이 달려서 골고루 열을 전달하는 방식 컨벡션 오븐
그리고 원적외선 빛을 추가하여 열을 내는 광파오븐 방식이 있습니다.
이번시간에는 실용성 좋은 광파오븐으로 정리해 봤습니다. 
추천 영상을 보시고 개인 환경에 맞는 제품을 찾기 바랍니다. 

😀 업체와 직접적인 제휴없이 주관적으로 선정한 순위 입니다. 
😀😀 쿠팡 파트너스 활동의 일환으로 이에 따른 일정액의 수수료를 제공 받을 수 있습니다.
😀 😀😀제품",53374,164,5,https://www.youtube.com/watch?v=Z91HE_qUgHY
7PpQ7OSjFK8,광파오븐 레시피,쉽게하는 새우오븐버터구이!!! #새우버터구이#에어프라이어 #shorts,은수머니,2024-05-09,,40712,108,7,https://www.youtube.com/watch?v=7PpQ7OSjFK8
NknLJ5V9G2g,광파오븐 레시피,으아.. 오븐에 구워서 기름기가 쭉쭉! 통삼겹오븐구이 [만개의레시피],만개의레시피 10K Recipe,2017-06-23,"오븐에 구워서 기름기가 쪽 빠졌네!
담백하고 더 맛있는 삼겹살♥
▶ 통삼겹오븐구이 레시피 보기 : https://goo.gl/yfGxcG

세상의 모든 레시피 만개의레시피",349783,4151,36,https://www.youtube.com/watch?v=NknLJ5V9G2g
mM61iROJIyU,광파오븐 레시피,오븐통닭으로 치맥 고고! [만개의레시피],만개의레시피 10K Recipe,2018-09-18,"튀기지않아 담백하게! 
오늘은 건강하게 치느님 영접 : )
▶오븐통닭 레시피 보기 : http://me2.do/5mOYG9i1

세상의 모든 레시피 만개의레시피",56037,597,2,https://www.youtube.com/watch?v=mM61iROJIyU
l5O4kvYNf9k,광파오븐 레시피,오븐 있으면 당장 꺼내오세요! 성시경의 5성급 등갈비 레시피,모트리,2025-09-23,"#성시경 
오븐 있으면 당장 꺼내오세요! 성시경의 5성급 등갈비 레시피",69736,488,4,https://www.youtube.com/watch?v=l5O4kvYNf9k
fOF1fExGwYk,광파오븐 레시피,이걸 꼭 넣어보세요. 정말 맛있는데 너무 쉬운🍖 등갈비구이 레시피,게으른김주부,2025-06-17,"마늘 향이 잡내 싹 잡아주고
짜지 않고 달지 않은 양념이라 물리지 않는,
아이랑 같이 먹기에도 좋은!
소금구이와는 차원이 다른
끝없이 먹을 수 있는 마늘 등갈비구이🤩

에어프라이어로 쉽게 완성하세요.💕
저장해두셨다가 꼭 이대로 해보세요😘

아이 말로는
피자보다 맛있고, 햄버거보다 맛있대요.
더 먹고 싶다고…
담엔 2키로 해야될듯 싶어요.

온 가족 맛나게 즐길 수 있는 등갈비구이 👍

━━━━━━━━━━━━━━

👩‍🍳재료
등갈비 1kg / 설탕 1T / 올리브오일 1T / 전분가루 튀김가루 아무거나 3T

👩‍🍳양념
다진마늘 3T",2113263,19051,193,https://www.youtube.com/watch?v=fOF1fExGwYk
xBGKpIbPtIQ,광파오븐 레시피,LG 디오스 광파오븐 200% 활용 꿀팁 #6 가볍게 즐기는 토스트 레시피,LG전자서비스,2022-06-08,"고객지원, 챗봇 상담에서 서비스 접수, 문제 해결 콘텐츠 등 더욱 다양한 정보를 
확인해보세요. 
  • 고객지원 : https://www.lge.co.kr/support
  • 챗봇상담 : https://chat.lge.co.kr/

LG 디오스 광파오븐 200% 활용 꿀팁! 

꼭 필요한 요리, 딱 맞는 요리 레시픽 쿡 영상입니다.
가볍게 즐기는 토스트로 카페 브런치 분위기를 더해보세요!

#광파오븐 #사용방법 #제품기능 #요리 #레시피 #쿠킹 #홈쿡",16415,43,2,https://www.youtube.com/watch?v=xBGKpIbPtIQ
LJd1ToNbud0,광파오븐 레시피,로스트치킨 만들기 오븐 통닭구이,갱스홈쿡,2024-12-09,"✅근사한 홈파티 요리 간단한 로스트치킨 레시피

주말 잘 보내셨나요~ 😊
저는 주말에 한껏 먹었떠니 몸이 몸이..ㅋㅋㅋ
연말엔 좀 먹어도 되는 거죠? ^^🤣

주말에 만들어 먹었던 로스트치킨 레시피 준비했어요~ 😋
연말에 꼭 한 번씩 만들어 먹는 오븐 통닭구이에요^^
제가 연말마다 만드니깐 아이들도 익숙해져서 
이 맘때 되면 먹고싶다고 말하더라고요~ 😁
그래서 후다닥 만들어 봤지요^^

곁들이는 가니쉬는 좋아하는 걸로
집에 있는 걸로 준비해 주시면 되고요

닭만 손질해서 버터마늘소스 잘 발라주면 
어렵지 않게 만들 수 있는 통닭구이",139918,1532,34,https://www.youtube.com/watch?v=LJd1ToNbud0
9Xtf995d2mk,광파오븐 레시피,에어프라이어 🆚 광파오븐 💸내돈내산 광파오븐 찐후기,viva jini,2025-07-13,#광파오븐 #에어프라이어 #광파오븐요리,17823,26,1,https://www.youtube.com/watch?v=9Xtf995d2mk
2CQzQt9I7fI,광파오븐 후기,내돈내산! 솔직히 실망했습니다.. 전자레인지+에어프라이어+오븐이 다 되는 LG 디오스 오브제 컬렉션 광파오븐 찐 리얼후기,고니 GONI,2024-03-14,"#광파오븐#주방템#오븐

🦌영상 속 제품 구매링크

쿠팡에서 필요한 것 구매하면 쿠팡으로부터 일정액의 수수료를 고니TV채널이 제공 받아
내돈내산 리뷰 운영에 도움이 됩니다.

✔LG 오브제 컬렉션 광파오븐 구매하기 (컬러선택 가능)
https://link.coupang.com/a/bt8jmF

✔ 아무거나 구매하기-https://coupa.ng/b7A8Ym
✔ 위의 링크를 통해 제품을 구매하면 고니에게 소정의 수수료가 지급됩니다


안녕하세요! 품격있는 리뷰 고니TV의 고니입니다

항상 여러분들에게 재미와 정보를 만족 시켜 드리기 ",204781,1717,116,https://www.youtube.com/watch?v=2CQzQt9I7fI
p3KER73cAOg,광파오븐 후기,쿠쿠 전자레인지 에어프라이어 겸용 광파오븐 CMW-CO3010DW 실구매 사용기 #쿠쿠 #광파오븐,순순한리뷰,2024-02-18,"상세 및 구매 정보  : https://bit.ly/3SL3hDB

집에 에어프라이어가 고장나서 쿠팡에서 직접 구매해서 사용해본 쿠쿠의 광파오븐 제품입니다.

이 제품은 전자레인지, 에어프라이어, 광파 오븐을 동시에 사용할 수 있는 제품인데, 걱정과 다르게 모든 기능을 다 잘 사용할 수 있는 제품이더군요.

에어프라이어도 잘되고, 레인지도 잘 되는 것 같습니다. 오븐 기능은 아직 100% 사용은 못해봤는데, 테스트로 요리해볼때 사용해보니 괜찮은 것 같습니다.

부가적인 탈취 및 세척기능도 만족스럽네요.

간만에 좋은 지름을 한 것 ",47957,177,23,https://www.youtube.com/watch?v=p3KER73cAOg
iz4x8dUnrrY,광파오븐 후기,LG 오브제 광파오븐 한달 사용 리뷰,가진남(가전제품에 진심인 남자),2026-04-02,"#LG광파오븐 #엘지광파오븐 #광파오븐

엘지광파오븐으로 요리하면 왜 다들 만족도가 높은지 궁금하셨죠? 😊
이번 영상에서는 실제로 사용해본 LG광파오븐의 핵심 기능과 활용 방법을 쉽게 정리해드립니다. 다양한 요리를 빠르고 간편하게 완성할 수 있는 광파오븐의 장점부터, 실사용 기준에서 느낀 차이까지 솔직하게 담았습니다.

엘지광파오븐은 단순한 오븐이 아니라, 에어프라이어·전자레인지·그릴 기능까지 한 번에 해결할 수 있는 주방 필수템입니다. 특히 LG광파오븐은 빠른 조리 속도와 균일한 열 전달로 음식 퀄리티를 한 단계 끌어올려줍니다. ",3749,14,4,https://www.youtube.com/watch?v=iz4x8dUnrrY
pFlNoyCPkms,광파오븐 후기,현시점 1등 오븐 추천! 삼성 vs LG vs 쿠쿠 성능 협찬 없이 직접 비교해봤습니다! 이 제품은 절대 사지마세요! (광파 직화 에어프라이어 통삼겹살 스테이크 베이킹 청소 요리),아정당,2025-10-21,"[365일 24시간 상담 가능! 1833-3504]
🎁 아정당에서 쇼핑적립하고 최대 20% 포인트 받자!
https://ajd.kr/txm2k

00:00 인트로 — LG·삼성·쿠쿠 3종 ‘내돈내산’ 비교 
00:29 제품 소개 - 스펙·가격 한눈에 비교 👀
00:50 오븐 - 예열 속도 비교(180℃) ⏱️
01:48 오븐 - 열 분포 테스트🥐
02:20 오븐 - 조리 속도 🍪🍗
03:33 에어프라이어 – 조리 속도 🥩
03:55 전자레인지 — 가열·해동 성능 체크 ⚡
05:19 탈취·세척·편의성 — 냄새·클린 기능·온도 🫧
07",124663,647,69,https://www.youtube.com/watch?v=pFlNoyCPkms
kk4Z24VANOE,광파오븐 후기,[내돈내산]요리유튜버가 리뷰하는 2024년 LG 광파오븐 비교|에어수비드 솔직후기|아무도 설명 안해줘서 제가 직접 했습니다,황금밥그릇 - 간단하고 건강한 요리,2024-04-07,"이번에 주방기구를 정리하면서 여러가지 기능이 있는 LG광파오븐을 사려고 했는데 2024년 LG오븐 정보가 너무 없더라구요
그래서 제가 신중하게 조사하고 구입한 광파오븐 정보를 공유드릴게요
신혼가전이나 오랫동안 사용하셔서 바꾸시려는 분들은 참고해주세요~
그리고 저 리뷰유튜버 아니고 요리 유튜버니깐 다이어트 요리도 함께 봐주세요~
참고로 에어수비드는 최대 9시간까지 사용하실 수 있어요~",55632,383,93,https://www.youtube.com/watch?v=kk4Z24VANOE
PaH9nsDxGUY,광파오븐 후기,"광파오븐 추천 2025년 Best 5! (전자레인지, 에어프라이어 다 비키세요!)",리정남 - 상품리뷰정리하는남자,2025-11-30,"광파오븐 추천 2025 
구매링크는 아래에 [자세히 보기]를 누르시면 보입니다. 감사합니다.

📌 구매팁 3줄 요약!  
✅ 기능: '전자레인지+에어프라이어+오븐'을 하나로 합친 '올인원'인지 확인
✅ 가열: 빛(광파)으로 빠르게 조리하는 '광파 가열' 방식인지 확인
✅ 용량: 가정용은 '23~30L'가 적당하고, 대량 조리는 '32L 이상' 추천

5위 [할로겐 광파오븐]
트루리빙 멀티 할로겐 광파오븐 12L (4만 8천원)
https://link.coupang.com/a/c8xGjv
TL-OV120
4위 [가성비 광파오븐]
마이",3746,8,0,https://www.youtube.com/watch?v=PaH9nsDxGUY
wzs9XUrV-Pk,광파오븐 후기,에프 있는데 오븐 또 사? 좁은 주방 필살기 정해드림! (전자레인지vs에어프라이어vs광파오븐),스튜디오 몰링 Studio Malling,2026-03-13,"*어떠한 광고도 받지 않은 오리지널 콘텐츠입니다*

주방은 좁은데 왜 이렇게 사고 싶은 가전은 많을까요?
남들 다 사는 에프부터, 없으면 섭섭한 전자레인지, 만능이라는 광파오븐까지...
이것저것 다 들이다보면 정작 요리할 공간이 사라지는 웃픈 상황이 벌어지곤 하죠.

근데 여러분, 남들이 좋다고 나한테도 무조건 정답은 아니에요.
내가 냉동식품을 주로 먹는지, 배달 음식을 데우는지, 아니면 요리에 진심인지에 따라
필요한 무기가 완전히 달라지거든요.

막상 사놓고 안 써서 결국 당근행가지 않도록!
오늘 가탐에서 여러분의 생활패턴에 딱 ",248707,0,333,https://www.youtube.com/watch?v=wzs9XUrV-Pk
Kf8lamu5wMo,광파오븐 후기,"직접 사려고 공부해봤습니다. 광파오븐이냐 에어프라이어냐, 전자레인지냐? 정해드림",신동댕동 Shindongdengdong,2024-06-23,"제가 영상 올리는 시점에 맞춰서 추가 할인을?
영상 가격보다 훨씬 더 저렴한 218,000원에 구입할 수 있고,
미니 오븐도 무료 증정 행사 중이라고 하니 아래 링크에서 필요한 분들 확인해보세요!

💙 판매 링크
https://smartstore.naver.com/mideakorea/products/10404333160

https://www.coupang.com/vp/products/7837941160?itemId=21329306203&vendorItemId=88387884237&sourceType=cmgoms&omsPageId=",78209,840,133,https://www.youtube.com/watch?v=Kf8lamu5wMo
X93fcQvjUVo,광파오븐 후기,"삼성 비스포크 큐커 vs 엘지 광파오븐, 실제 구매 후 비교 테스트, 어떤 제품이 더 좋을까?",오라잇 스튜디오 - Digital Shopping Guide,2021-12-03,"💌해당 영상의 광안리 리뷰 제품은 모두 직접 구매 후 사용하였습니다.


* 촬영 제품 00:00
▶삼성 비스포크 큐커
▶LG 광파오븐 오브제컬렉션


* 테스트 항목
- 탐색전 외형 비교
00:28 삼성 큐커
00:55 LG 광파오븐 오브제컬렉션
 

- 소음 테스트
가장 조용하게 사용할 수 있는 제품은?
01:37 삼성 비스포크 큐커
01:45 LG 광파오븐 오브제컬렉션
 

- 예열 온도 테스트
동일한 설정으로 세팅 후 작동시켰을 때 온도가 더 높은 제품은?
(200도 1분 작동 후 측정)
02:05 삼성 비스포크 큐커
02:",340196,3555,121,https://www.youtube.com/watch?v=X93fcQvjUVo
mHBl2xwH8_I,광파오븐 후기,이거 하나로 찜 요리 부터 베이킹까지?| LG 광파오븐 오브제 리뷰 | 하디 HA:D,하디 HAD,2021-12-08,"오늘은 저번 영상에 이어 두 번째 멀티 오븐을 소개해 드리려고 해요
이번 제품은 LG 오브제 광파오븐입니다!

큐커와 다른 점으로는 전자레인지 같은 느낌이 더 강하고,
구성품이 더 다양했다는 점?ㅎㅎ

단축키 사용이 좀 어려워서 헤매긴 했지만
찜 요리나 베이킹 등 다양한 요리를 할 수 있어서 좋았습니다
그럼 두 번째 멀티 오븐 영상도 재미있게 봐주세요☺



#엘지광파오븐
#하디 #HAD",138830,844,67,https://www.youtube.com/watch?v=mHBl2xwH8_I
7JIzbK3DgiY,광파오븐 후기,"내돈내산💸 전자렌지, 에어프라이어 다 버리고 광파오븐 쓰는 이유👩🏻‍🍳🎛️ & 야무지게 활용하는 방법💯",viva jini,2025-07-09,"#광파오븐 #광파오븐요리 #광파오븐청소


안녕하세요🥰
비바지니 입니다!

오늘은 저희 주방에서 제일 열일 하고 있는 광파오븐에 대해 이야기해 보았어요🔥
저도 예전에는 에어프라이어, 전자렌지, 오븐을 따로따로 사용했었는데, 
결국 광파오븐에 정착을 했어요👍
제가 어떻게 광파오븐을 활용하고 있는지 영상으로 확인해 주세요🫶




━━━━━━━━━━━━━━━━━━━━━━━━━━━━━━━━━━
🎈Song : 샛별 - 타코야끼 /    • ✨샛별 - 타코야끼✨(Royalty Free Music)
━━━━━━━━━━━━━━━━━━━━━━━━",2074,12,0,https://www.youtube.com/watch?v=7JIzbK3DgiY
3kTgkxr463Y,광파오븐 후기,LG 디오스 오브제컬렉션 광파오븐 기본 사용법,LG전자서비스,2024-04-30,"고객지원, 챗봇 상담에서 서비스 접수, 문제 해결 콘텐츠 등 더욱 다양한 정보를 
확인해보세요. 

  • 고객지원 : https://www.lge.co.kr/support
  • 챗봇상담 : https://chat.lge.co.kr/

LG 디오스 오브제컬렉션 광파오븐 기본 사용법 입니다. 
[해당 영상은 등록일자 기준 제작된 영상으로 일부 내용은 변경될 수 있습니다.]

00:00 인트로
00:13~01:18 조작부 명칭 소개
01:19~01:36 트리플 광파쿡, 스팀
01:37~02:18 부속품 소개
02:19~03:09 수동",58386,262,63,https://www.youtube.com/watch?v=3kTgkxr463Y
3CPRmulsym8,광파오븐 후기,만능 요리 비결 공개! 쿠쿠 멀티 광파오븐으로 요리하는 꿀팁 대방출,일상템파인더,2025-09-26,"이 영상은 쿠팡 파트너스 활동의 일환으로, 이에 따른 일정액의 수수료를 제공받습니다.
⬇️ 영상 속 제품 링크가 궁금하면 아래 [더보기] 눌러 확인하거나 '고정 댓글'에서 확인하세요!!

00:00 쿠쿠 광파오븐의 모든 것
요리의 퀄리티를 한 단계 끌어올려드립니다

00:07 쿠쿠 멀티 광파오븐 고객 직접 설치
https://link.coupang.com/a/cRGQYt
🔥특가 : 216,550원 (6%) 401 리뷰


👉 본 영상에는 채널의 주관적인 생각이 포함되어 있습니다.
👉 본 영상에 표시된 가격 정보는 영상 업로드일 당시",3479,7,2,https://www.youtube.com/watch?v=3CPRmulsym8
f23t2fpsH_M,광파오븐 후기,전자레인지·오븐·에어프라이를 한 번에! LG 디오스 광파오븐,쇼미남,2025-08-11,"제품 상세정보는 영상 하단 ‘제품보기’를 클릭하시면 됩니다. 📌

🍽 LG 디오스 광파오븐 39L ML39BW
전자레인지, 오븐, 에어프라이, 스팀까지!
이제 주방 한 대로 모든 요리가 가능합니다.

✨ 주요 특징

39L 대용량, 가족 요리에 최적화

60가지 자동 메뉴로 버튼 하나로 완성

스마트 인버터로 빠르고 균일한 조리

스팀 분사로 속까지 촉촉하게

최대 2,200W 출력, 효율적인 요리 가능

인버터 10년 무상보증으로 오래오래 사용

📍 이런 분께 추천합니다

주방 공간을 효율적으로 쓰고 싶은 분

다양한 요리를 간편",28881,42,7,https://www.youtube.com/watch?v=f23t2fpsH_M
-F3wLy1brOw,신혼부부 에어프라이어,"에어프라이어 추천, 이 제품이 가성비 최강인 이유",히든치트키,2025-06-08,,215665,516,21,https://www.youtube.com/watch?v=-F3wLy1brOw
sASWkRXO69k,신혼부부 에어프라이어,에프 유목민 드디어 에어프라이어 결정!🤓,다다살림,2024-01-22,,1906526,20046,532,https://www.youtube.com/watch?v=sASWkRXO69k
_v34GrhrA4w,신혼부부 에어프라이어,"2025 에어프라이어 추천(에어프라이어 구매 가이드, 바스켓형과 오븐형 차이는?)",픽플레이,2025-05-04,"✱ 이 포스팅은 토스쇼핑 쉐어링크 활동의 일환으로, 이에 따른 일정액의 수수료를 제공받습니다.
(쿠팡 외 다른 사이트에서 구매할 수 있는 링크 원하시는분들이 많아, 토스쇼핑에서 구입할 수 있는 링크 남겨드려요! 토스쇼핑에 영상에서 추천드린 제품이 없는 경우도 있어서 최대한 유사한 제품으로 링크 남겨놨습니다.)︎

⬇︎아이닉 에어프라이어 오븐 16L, 블랙⬇︎
https://toss.im/_m/jZNCt78B

⬇︎필립스 에어프라이어 1000 시리즈 4.2L⬇︎
https://toss.im/_m/zJ9XNZqm

00:17 에어프라이",93595,346,4,https://www.youtube.com/watch?v=_v34GrhrA4w
g0F60EOd3J4,신혼부부 에어프라이어,"15년 경력 셰프가 다양한 에어프라이어 다 써보고 이걸로 정착한 이유 |디디오랩|스팀에어프라이어|주방꿀템|요 (상세 정보는 설명란, 고정댓글 참조)","카페동이, 오늘의 밥상",2025-08-15,"🔥15년 경력 셰프가 다양한 에어프라이어 다 써보고 
이걸로 정착한 이유 알려드릴게요
-
📢 디디오랩 스팀 에어프라이어 15L 공동구매 2차 오픈!

1차 공구 참여해주신 분들 덕분에 정말 감사했습니다 🙏✨
요청이 너무 많아서 드디어…
2차 공구 오픈했습니다!

📌 진행기간: ~1월 14일까지.
📌 이번공구 특별 혜택 : 스텐 원형팬 증정
📌 수량 소진 시 조기 마감될 수 있어요!

👉 구매링크 : 프로필 링크 확인!
-
-
-
1️⃣ 자동청소(스팀세척 + 디스케일링)
-
에어프라이어 청소하기 힘들자나요?
스팀세척 버튼 한번이면 
",195682,744,54,https://www.youtube.com/watch?v=g0F60EOd3J4
4NhWv1Ug_1g,신혼부부 에어프라이어,에어 프라이어 고르기 꿀팁,뽀큐트,2022-06-23,"#에어프라이어추천 #에어프라이어 #airfryer 

↘뽀큐트 구독하기 Click
 : https://www.youtube.com/channel/UCLYfVlKyWyEjREuccfe1HNw?sub_confirmation=1

↘거침없이 알려드림 전체보기 Click
 : https://www.youtube.com/watch?v=W0gwaLWR1_c&list=PLHVE3olIh590fjfBOBap5KPJINhUdXByz

↘제품 리뷰 전체보기 Click
 : https://www.youtube.com/watch?v=qSZyDgVov6I",322395,2201,79,https://www.youtube.com/watch?v=4NhWv1Ug_1g
CnXSLtaVJxc,신혼부부 에어프라이어,"평생 뽕 뽑는‼️우리집 소형가전 Best 9💛신혼부부 주방용품, 발뮤다 가전, 살림꿀템, 생활용품 추천 | 살림 브이로그",류니키친 Ryuniii Kitchen,2025-11-22,"✔️ 구독과 좋아요👍는 영상 제작에 큰 힘이 돼요💕

📷 instagram : https://www.instagram.com/ryuniiii/
💌 e-mail : silver412bk@gmail.com

오늘은 그동안 문의 많았던 소형가전 9가지 추천해 볼게요 ~

6개월에서 1년 넘게 사용해보고
찐으로 만족한 제품들만 추천했으니
영상 마지막까지 꼭 봐주기루💕

앞으로도 예쁘고 유용한 살림템, 주방용품, 가전들 기대해 주시구요 :)

00:00 시작
00:36 발뮤다 더 고항
2:08 오넬리 듀얼 스팀 에어프라이어
5:10 발뮤다 ",59796,136,26,https://www.youtube.com/watch?v=CnXSLtaVJxc
YxDUcwMPJ4Q,신혼부부 에어프라이어,요즘 이 에어프라이기가 화제인 이유?! #닌자 #닌자에어프라이어 #투명에어프라이기 #에어프라이어추천,모두모여꿀팁꿀템,2025-10-11,,116352,168,8,https://www.youtube.com/watch?v=YxDUcwMPJ4Q
Z9cAxhtDMXg,신혼부부 에어프라이어,에어프라이어 제발 이걸로 사세요!,쭈야네 집,2024-03-26,"더 많은 살림 꿀팁은
@jju_house 팔로우",943748,5172,310,https://www.youtube.com/watch?v=Z9cAxhtDMXg
4xUfcPaTOwI,신혼부부 에어프라이어,에어프라이어 랜선 리뷰가 돌아왔습니다! 에프 고민은 이제 끝내세요,뽀큐트,2026-03-20,"매년 진행하던 에어프라이어 랜선리뷰!
시장에 큰 변화가 없었던 25년도에는 슥 지나갔는데..
연말부터 빗발치던 에어프라이어 질문들!
그래서 뽀큐트가 각.잡.고 제대로 준비했습니다!
에어프라이어 고민, 이제 이 영상으로 끝내세요!

여러분의 구독과 좋아요, 댓글은 큰 힘이 됩니다.

#에어프라이어#닌자#락앤락#쿠진아트#스테나

↘뽀큐트 공지보기 Click
https://www.youtube.com/@bbocute_main/community

↘뽀큐트 몰 바로 가기Click
https://m.bbocute.com/

↘뽀큐트 구독하기 ",196478,1729,246,https://www.youtube.com/watch?v=4xUfcPaTOwI
6gi2RMsPDYs,신혼부부 에어프라이어,꼭! 신형을 사야하는 이유 3가지🤫쿠진아트 에어프라이어 추천,유리카트,2025-10-18,쿠진아트 에어프라이어 추천,208056,869,641,https://www.youtube.com/watch?v=6gi2RMsPDYs
oSfjgfs0EBQ,신혼부부 에어프라이어,에어프라이어 뭐살까? 고민되는 에프 유목민들 보세요❤️ #닌자에어그릴 #쿠진아트,정해드림,2025-01-12,,151758,847,80,https://www.youtube.com/watch?v=oSfjgfs0EBQ
UK_CEM2a4eI,신혼부부 에어프라이어,다시 돌아가도 이건 무조건 살 거예요🙏🏻 #쿠진아트 #에어프라이어,샐러드리,2025-01-04,"쿠진아트 에어프라이어 70kr 공구예고🩶
#한정수량 #선착순이벤트 #구매완료이벤트

🔺1월 5일(일) 오전 10시 한정수량 open!
🔺한정수량으로 품절 시 조기마감됩니다🙏🏻

미국 시장 점유율 𝟭위🥇
쿠진아트 에어프라이어 그릴 오븐✨
에프 고민만 3년하다가 내돈내산으로 들였는데
왜 꾸준히 인기 있는지 잘 알겠더라구요!

디자인 예쁜 건 물론이고
에어프라이어➕오븐➕토스터➕그릴이
한대에 다 들어가있어서 활용성 만점에

최근 내부 리뉴얼돼서 더 오래쓸 수 있고
관리와 청소도 편리해져서
이건 정착하지 않을 이유가 없어요💯

✅가장 기본인",710452,3937,1945,https://www.youtube.com/watch?v=UK_CEM2a4eI
bcs1vNirS00,신혼부부 에어프라이어,실제로 사용해 본 쿠진아트 오븐 에어프라이어 청소방법?!,임쁨임,2025-07-27,"📌이 영상은 내돈내산이며 유료광고를 포함하고 있지 않습니다.
📌본 채널의 모든 콘텐츠 (초상권, 성명권, 영상 녹화, 영상 일부 캡쳐 등)에 대한 무단 도용과 배포 및 협의되지 않은 상업적 목적의 사용을 금합니다. 

비지니스메일 📩 limbbeumlim@gmail.com (광고 및 협찬문의)",419056,1656,264,https://www.youtube.com/watch?v=bcs1vNirS00
FDTUEEZH3Ig,신혼부부 에어프라이어,최고의 바스켓형 에어프라이어 이거사세요!,이거사,2025-08-21,"파트너스 활동의 일환으로, 이에 따른 일정액의 수수료를 제공받습니다.
#에어프라이어 #에어프라이어추천 #바스켓형에어프라이어",21787,69,0,https://www.youtube.com/watch?v=FDTUEEZH3Ig
XTY9Ftrfk_g,신혼부부 에어프라이어,"""고민할 필요가 없네요"" 2024 에어프라이어 오븐형 VS 바스켓형 원픽! [에어프라이어 추천 리뷰👨‍🍳]",구매리즘,2024-04-26,"※ 해당 콘텐츠는 특정 브랜드의 광고나 협찬을 받지 않았습니다.

안녕하세요! 똑똑하게 구매하는 쇼핑 알고리즘, 구매리즘 입니다! (▼ 요약 정리)

필수 가전이 된 '에어프라이어' 바스켓형? 오븐형? 뭐가 더 좋을까요? 각각의 장단점과 바스켓형 제품 원픽, 오븐형 제품 원픽, 같이 사용하기 좋은 제품까지 추천해 드리겠습니다 :D

*타임라인

00:00  에어프라이어 쓰는 이유
00:43 1.바스켓형 VS 오븐형
03:01 2.바스켓형 추천제품
05:29 3.오븐형 추천제품
08:08 4.추천제품 비교
12:04 5.사용방법
12",718202,5681,339,https://www.youtube.com/watch?v=XTY9Ftrfk_g
LJVFZbub94U,신혼부부 에어프라이어,"에어프라이어 추천, (오븐형 vs 바스켓형) 직접 다 써본 25년차 주부의 최종 비교 후기",앳키친 | 모도리 도마 공구 중,2026-01-01,"#에어프라이어추천 #에어프라이어후기 #에어프라이어비교 #오븐형에어프라이어 
#바스켓형에어프라이어 #풀스텐에어프라이어 #올스텐에어프라이어
#리큅풀스텐에어프라이어 #리큅에어프라이어 #스팀에어프라이어


에어프라이어 구매를 앞두고
오븐형이 좋을지, 바스켓형이 좋을지 고민 중이신가요?

이 영상은
✔ 2012년부터 에어프라이어를 사용해온 실제 사용자
✔ 바스켓형 → 오븐형 → 두 타입을 함께 사용 중인 입장에서
두 가지 에어프라이어를 생활 기준으로 비교한 후기 2026 에어프라이어 리뷰 영상입니다.

단순 스펙 비교나 신제품 소개가 아니라",51944,281,9,https://www.youtube.com/watch?v=LJVFZbub94U
ZRYJqBNAMJ4,신혼부부 에어프라이어,최근 구매한 11가지 살림템💗찐 내돈내산!! SNS핫템•주방용품•신혼살림•에어프라이어 추천🔥,초이프,2024-06-02,"최근 구매한 살림템 언박싱 영상!!

저와 같은 신혼부부 구독자님들에게
작지만 이 영상이 도움 되었기를 바라며..!
사용하는 모습은 일상vlog에서 풀어볼게요 :)

오늘도 함께해 주신 초이프 구독자님들께
감사와 사랑을 담아 영상 올립니다💚

📧
- Email :everyday.choif@gmail.com
- cho.if's vlog: youtube.com/channel/UCqrg3jn7C9P6jK8bhXNrfJQ
- Instagram : https://www.instagram.com/cho.if.cho
.
.
.
.
.
.
#신혼",154305,0,272,https://www.youtube.com/watch?v=ZRYJqBNAMJ4
Co62hchNaG0,신혼부부 에어프라이어,스팀에프 잘못사서 30만원 날리고 드디어 성공한 스팀에어프라이기 !!! 필수체크,먹쪼이,2025-01-29,"스팀 에어프라이기 살때 꼭 체크해야하는것✨

✅스팀에어프라이기 궁금하시다면 
쇼핑탭 참고하세요 🙂

⭐️체크체크⭐️
1. 서비스센터 평 보기 (리얼후기참고하세요...)
 
2. 에어프라이기 기능이 잘되는지 확인
우리의 목적은 어쨌든 에어프라이기 때문에
다른 부수적인 기능보다는 에어프라이기의 기능이 가장중요!

3. 물통 체크 
아래에 있으면 꼈다 뺐다 엄청 불편함...정말임...

대기업이라고 무조건 좋은게 아니라는거 꼭 체크!!!

어쨌든 에프보다는 스팀에프가 편하긴함
청소편하고 , 피자 갓 나온 피자처럼 기가막히게 데워줌

➡️",338425,1251,111,https://www.youtube.com/watch?v=Co62hchNaG0
8KnHU9LN4FI,신혼부부 에어프라이어,"에어프라이어, 전자레인지 아직도 따로 쓰세요? 삼성 큐커 하나면 끝!",잇템튜브,2025-10-09,"🍳 퇴근 후엔 지쳐서 요리하기 싫고, 배달 음식은 좀 지겨우시죠? 그런 분들을 위한 완벽한 주방 솔루션, 삼성 비스포크 큐커 멀티를 소개합니다! 

✨ 이 제품의 진짜 마법은 바로 '스캔쿡' 기능이에요. 프레시지, 풀무원 같은 다양한 밀키트 바코드를 휴대폰으로 찍기만 하면 알아서 최고의 요리를 완성해 주거든요.  이제 더 이상 레시피를 찾아 헤맬 필요가 없어요!

🏠 에어프라이어, 전자레인지, 그릴, 토스터 기능까지 하나로 합쳐 좁은 주방 공간을 넓게 활용할 수 있고, 어떤 인테리어에도 어울리는 세련된 비스포크 디자인은 기본이죠. ",31099,48,5,https://www.youtube.com/watch?v=8KnHU9LN4FI
6DWjdFzVdX8,집들이 요리,집들이  음식을 직접?,선너머 스튜디오 - SNM STUDIO,2023-03-10,#집들이 #음식 #이사,514568,1133,20,https://www.youtube.com/watch?v=6DWjdFzVdX8
_gNvYwAuCpU,집들이 요리,⭐️200만뷰⭐️센스 터지는 집들이요리 4,간단한끼 요오리,2025-06-17,,2604071,35071,126,https://www.youtube.com/watch?v=_gNvYwAuCpU
xXorzKw_ntM,집들이 요리,시부모님 초대해서 집들이했던날 🫶🏻  #집들이요리 #손님초대요리 #집들이음식 #집밥,ryuni 류우니,2024-11-19,,109116,464,16,https://www.youtube.com/watch?v=xXorzKw_ntM
JGOk5QVu5cQ,집들이 요리,고급진 손님초대요리/집들이 음식 만들기 이렇게 하면 끝장남,소소황 Cook & Eat,2019-08-25,"맛, 비주얼, 만드는사람(?) 모두 끝장나는 고급진 손님초대, 집들이 요리 레시피 5개!!
간단한 요리와 조금 시간이 걸리는 요리가 함께 있으니 원하는 요리를 선택해서 만드시면 됩니다:)

1.오징어숙회☆
2.오향장육★
3.해파리냉채☆
4.콥샐러드☆
5.소불고기 버섯 전골★

재료
1. 오징어숙회 
오징어 2마리
쪽파 1줌

2. 오향장육
돼지고기 수육용 앞다리살 1300g
팔각,통계피,통후추,월계수잎,생강,마늘.양파,대파

3. 해파리 냉채
오이 1~2개
파프리카 색깔별 1개씩
크래미, 계란, 해파리 (작은)1봉지

4. 콥 샐러",6821576,87065,1119,https://www.youtube.com/watch?v=JGOk5QVu5cQ
dUUyfhG9p8A,집들이 요리,실패 없는 집들이 음식🏠🩷#집들이음식 #집들이요리 #신혼집밥,피글햇,2025-07-09,,239150,2624,46,https://www.youtube.com/watch?v=dUUyfhG9p8A
0KEXtsv0M5M,집들이 요리,⭐️100만뷰⭐️ 반응 폭발한 집들이 메뉴 4,간단한끼 요오리,2025-04-14,,1383341,17772,104,https://www.youtube.com/watch?v=0KEXtsv0M5M
tyGZ-A2kf78,집들이 요리,너무 맛있어서 극찬받은 집들이 음식 9가지💗🏡 #집들이메뉴 #초대요리 #집들이요리,𝐅𝐫𝐨𝐦 𝐛𝐞𝐫𝐫𝐲 프롬베리,2024-02-06,,287688,1061,4,https://www.youtube.com/watch?v=tyGZ-A2kf78
A9K0cywztq0,집들이 요리,6시간 집들이 1편이에요,오늘도이제이쿡,2025-01-23,,2173355,14917,269,https://www.youtube.com/watch?v=A9K0cywztq0
HwNbhi-ASlc,집들이 요리,코스트코에서 근사한 집들이 요리 만들기 (신혼부부 손님 대접),살림시작,2024-09-08,,74039,340,1,https://www.youtube.com/watch?v=HwNbhi-ASlc
VmBrBCLjKAo,집들이 요리,"[Vlog] 6인분 🏠집들이 요리 브이로그 | 집밥 브이로그, 🍲바지락 된장찌개, 🍖새송이 떡갈비, 🍘감자고로케 만드는 방법, 애호박전 밀가루없이, 막국수 양념장 만들기",주먀 JUMYAA,2023-08-23,"▪instagram : @jumya_a
▪blog : https://blog.naver.com/jumyaa
▪E-mail : jumyaa@naver.com

여러분 한 주 잘 보내셨나요~?
이번 요리 브이로그는 집들이 메뉴 영상이에용
2022년 작년부터 시작해서 이번으로
거의 막바지인 집들이 브이로그로 돌아왔어요 ㅎㅎ
집들이 메뉴로는 바지락 된장찌개, 새송이 떡갈비, 연어
모듬전, 감자고로케, 크림새우, 막국수, 김치삼겹볶음
이렇게 총 8가지로 준비해보았어요
집들이에 진심인 제가 열심히 촬영하고
편집한 브이로그이니 많은 시청 부탁드",448459,3266,155,https://www.youtube.com/watch?v=VmBrBCLjKAo
CzUOlmE7OLg,집들이 요리,"극찬 받은 집들이 음식 l 생신상 메뉴 레시피, 손님 초대 요리",남편 확대범 : 신혼 요리,2024-04-16,"비주얼과 맛이 고급진, 손님들한테 극찬 받은 집들이 음식, 생신상 메뉴로도 좋은 손님 초대 요리  BEST 5 레시피를 소개해 드릴게요.

요린이도 충분히 만들 수 있는 간단한데, 맛도 있고 플레이팅으로도 너무 예쁜 메뉴들로 구성했어요 :)



1. 새송이 떡갈비

- 떡갈비 재료 :  다짐육 600g, 간장 7스푼, 미림 2스푼, 설탕 4스푼, 전분 가루 6스푼, 다진 마늘 2스푼, 참기름 2스푼, 후추, 쪽파

- 양념 재료 :  간장 2스푼, 미림 1스푼, 굴소스 1스푼, 참기름 1스푼, 물엿 1스푼, 통깨




2. 오이",197868,1140,32,https://www.youtube.com/watch?v=CzUOlmE7OLg
-2Ot1tTeQK8,집들이 요리,손님초대요리 이걸로종결 #손님초대요리 #집들이음식추천 #집들이메뉴 #와인안주레시피  #아침메뉴 #파티음식 #오픈샌드위치 #홈브런치메뉴 #미국집밥 #와인안주레시피 #샌드위치레시피,푸디젠 Foodie Jen,2024-10-15,,5526109,90504,926,https://www.youtube.com/watch?v=-2Ot1tTeQK8
U3cLaJ5N8Z0,집들이 요리,"오리훈제 넣고 무쌈말이❤️ 생일상, 집들이 추천메뉴",살림나라 알뜰공주 Nara_Gongju,2023-07-26,,327074,2708,10,https://www.youtube.com/watch?v=U3cLaJ5N8Z0
_PUFZM6vZQw,집들이 요리,이제 불 앞에 서서 고기 삶지 마세요! #수육 #수육만들기 #쉬운요리 #전자렌지요리 #kfood #recipe #bossam #kimchi,목리집 박주부,2023-06-22,,843885,11890,77,https://www.youtube.com/watch?v=_PUFZM6vZQw
hLebTJkMXqo,집들이 요리,손님들이 감동하는 근사한 집들이음식 6가지♥️🍽️ #집들이요리 #초대요리,𝐅𝐫𝐨𝐦 𝐛𝐞𝐫𝐫𝐲 프롬베리,2024-10-05,,250657,1851,7,https://www.youtube.com/watch?v=hLebTJkMXqo
7WAFlmpobM0,집들이 요리,초간단 집들이 메뉴 추천 TOP4,노리터noriter,2024-06-28,#집들이 #집들이음식 #집들이요리 #파티음식 #초간단요리 #초간단음식,153763,627,2,https://www.youtube.com/watch?v=7WAFlmpobM0
aLXv8GNqnYM,요리초보 신혼,20대 주부의 집밥 모음.zip💖 쉽고 맛있는 신혼 요리 레시피 30개!,초이프,2023-03-12,"이런 모음집을 만들게 될줄 몰랐어서
영상이 조금  뒤죽박죽이네요ㅎㅎ..
다음엔 더 깔끔하게 만들어 볼게요.


저는 요리 과정 자체를 즐기지만
무엇보다 남편이 맛있게 먹는걸 보면
마음 깊이 행복해져요:)


화려한 식기나 테이블 웨어는 없지만
있는 기본 재료로도 충분히 맛있는 집밥.
저의 행복을 담은 레시피를 나눠봅니다🙏🏻


오늘도 초이프 채널에 놀러와주셔서 감사해요✨💚


📍30가지 레시피 정리한 파일
https://url.kr/xfvq7t


📍추가 정보 
*전부 제돈제산이며 어떠한 협찬도 없습니다.*

후라이팬: 단종되어서 ",999842,0,754,https://www.youtube.com/watch?v=aLXv8GNqnYM
sgliEQ5VQV0,요리초보 신혼,[신혼수업 4탄] 만능한식 공식과 100g의 법칙 #고정댓글,오늘무해프라우허,2025-08-03,,1589834,48010,380,https://www.youtube.com/watch?v=sgliEQ5VQV0
eU6VoHNUTlM,요리초보 신혼,라면만큼 쉬운 레시피,랜덤토랑 Randomtaurant,2022-10-28,"#고기 #삼겹살 #shorts 

솔직히 라면만큼 쉬운거 인정?!

■ 주인장
랜덤 - 남, ENFP 
토랑 - 여, ENFP

■ SNS
인스타그램: https://instagram.com/randomtaurant?utm_medium=copy_link
틱톡: https://vt.tiktok.com/ZSdd65yL7/
 
■ 비즈니스 문의 
randomtaurant1108@gmail.com 

■ BGM
저작권 문제 없는 구독형 유료 음원 사이트 Artlist를 사용중입니다. 
https://artlist.io/랜덤토랑_요리실험실-",17937351,210734,2833,https://www.youtube.com/watch?v=eU6VoHNUTlM
UPsN9u_dSYU,요리초보 신혼,근사해 보이는데 진짜 간단한 집들이 메뉴 3가지,이유살림,2024-11-27,,1879846,26101,67,https://www.youtube.com/watch?v=UPsN9u_dSYU
xpgnqhTjvNo,요리초보 신혼,요리 못해도 있어 보이는 법,도다이,2024-04-14,"요알못도 절대 실패 없는 아롱사태 수육 레시피에요! 시간만 있으면 과정은 엄청 간단해서 집들이할 때 끓여두고 다른 요리 준비하기 좋아요!✨ 제 최애 이리온파김치랑 찍어 먹는 소스랑 같이 먹으니 미쳤....소스 레시피도 적어두었으니 꼭 함께 드세요!💗

☑️재료
아롱사태 수육용 500g, 대파 1/2대, 마늘, 소주 반컵, 부추, 팽이버섯, 후추

☑️찍어먹는 소스
간장2 스푼, 설탕1 스푼, 물 2 스푼, 식초1 스푼, 겨자 or 와사비 1/2스푼


✨아롱사태 핏물 제거 30분 필수!✨

1. 냄비에 물 1.5L부어주세요
2. 마",858232,7490,111,https://www.youtube.com/watch?v=xpgnqhTjvNo
O4EhvD3gi5w,요리초보 신혼,"집밥에 꼭 필요한 기본양념 1탄🧂 신혼부부, 자취생 필수시청! #살림팁 #집밥요리 #노하우",살림나라 알뜰공주 Nara_Gongju,2024-04-16,"1. 고추장
[샘표] 조선 고추장
[해찬들] 모든 원재료가 100% 국산 고추장

2.된장
[청정원] 개운하고 담백한 재래식 된장
[한국맥꾸룸] 맥된장
[백설] 다담 된장찌개 양념

3.간장
[샘표] 양조간장701
[샘표] 국간장 금F3
[샘표] 새미네부엌 국간장

4. 알룰로스
큐원, 몽크슈, 마이노멀 등.. 브랜드를 가리지 않고
그때그때 할인하는 제품이 있으면 그 제품을 사용하는 편이에요

#살림팁 #집밥요리 #노하우",61419,1532,17,https://www.youtube.com/watch?v=O4EhvD3gi5w
-EhE1gd6lFc,요리초보 신혼,간단하지만 칭찬받는 차돌된장찌개 #신혼부부 #요리초보 #집밥,캄보라 CalmBora,2025-05-15,,9721,37,2,https://www.youtube.com/watch?v=-EhE1gd6lFc
szwr9b9oUi4,요리초보 신혼,신혼부부 자취생을 위한 기본 양념장,혜야 Hyeya,2025-02-09,"주방에 꼭 있어야되는 필수 양념장 총정리🫙
제가 사용하는 제품부터 맘카페 평 좋은 기본템들로만 골라왔어요!
개인마다 입맛차이가 있을수있으니 작은용량부터 써보시는거 추천😉
영상 속 추천템 외에도 유용하게 사용중인 양념장 공유해주세요🤎

저장해두고 마트갔을때 필요한 아이템들만 쏙쏙 구매하세요!

1️⃣고추장
원재료가 고추양념 제품보단 국산재료, 고춧가루 10%이상인 제품 추천
(청정원 순창/해찬들 100%국산 고추장)

2️⃣된장
토장, 맥된장은 집된장맛이라 구수한 할머니표 된장찌개 좋아하면 추천
다담은 고깃집 된장찌개맛이에요
(샘표 ",37298,1058,9,https://www.youtube.com/watch?v=szwr9b9oUi4
OEassmynRro,요리초보 신혼,우리 가족 최애 반찬이야,유지만 yuziman,2025-06-22,"제가 사용한 제품 정보는 영상 화면 아래쪽 제품 버튼을 눌러주세요💗

평소에 촬영이나 레시피 연구를 안할 때는 실제로 이렇게 자주 먹어요! 마땅한 반찬이 없을 때 두부만 있으면 뚝딱 만들 수 있고, 자주 먹어도 쉽게 안질려서 요즘 저희집 단골 메뉴랍니다 ㅎ 여러분도 맛있게 드시길 바라요! (아빠 감사합니다😘)

[아빠표 매콤 두부조림]
- 두부는 단단한 부침용을 사용했어요! 찌개용 두부도 가능하지만 부숴지지 않게 조심하세요
- 두부의 겉수분을 어느정도 날린 후 기름을 둘러주세요!
- 매운 걸 못 드신다면 고춧가루의 양을 줄여도 돼요",7200386,120935,943,https://www.youtube.com/watch?v=OEassmynRro
7mTgxA8aZ8s,요리초보 신혼,냉털해서 만드는 스타우브 솥밥 레시피 #신혼집밥,꼬깍Family,2024-03-31,,53366,201,6,https://www.youtube.com/watch?v=7mTgxA8aZ8s
C2XI_RDI5ak,요리초보 신혼,만원으로 일주일 반찬 만들기! #신혼집밥 #반찬만들기,피글햇,2025-01-22,,608413,12542,134,https://www.youtube.com/watch?v=C2XI_RDI5ak
VcczRUVJyRQ,요리초보 신혼,만오천원으로 일주일 반찬 8가지 만들기,꼬미살림,2025-02-20,"기본 베이스 되는 양념재료들은 집에 있는 거 썼어요.
파는 없으면 생략, 액젓 없으면 간장으로 대체해 주세요.

구매 목록은 프로필 링크 참고해주세요.

📌요리 시간 절약 꿀팁!!!!
- 새송이버섯 정리하기 전 -) 숙주를 전자렌지에 데우고 -) 버섯요리 하고 -) 숙주무침하기
- 무생채와 무나물 동시에 만들기 -) 무생채 재료 먼저 절여두고 무나물 시작하기 -) 무나물 조릴 때 무생채 양념 가능
- 계란 삶을 물 끓이고 포트에 물 끓여서 어묵무침 만들기
- 계란 삶는 동안 -) 순두부장 만들고 -) 식은 계란 까서 계란장 만들기
",2096275,12352,193,https://www.youtube.com/watch?v=VcczRUVJyRQ
e_7cKb4WANk,요리초보 신혼,간단하지만 있어보이는 집들이 음식 #shorts #요리 #레시피 #신혼부부 #오리고기단호박찜,아요남,2025-05-18,,75856,676,11,https://www.youtube.com/watch?v=e_7cKb4WANk
bZ7ANiZPGDI,요리초보 신혼,김치찌개 만들기 #요리초보 #신혼부부 #집밥브이로그 #집밥,캄보라 CalmBora,2025-06-11,,39776,83,0,https://www.youtube.com/watch?v=bZ7ANiZPGDI
WB6-Q8YenL4,요리초보 신혼,"요리초보 아내의 게을렀던 일주일 신혼밥상 #17 | 신혼집밥 vlog | 우당탕탕 요리일기 | 명란계란말이, 돼지고기 청경채볶음, 카레라이스, 명란크림파스타",오늘도 안녕하송 Hello,2023-08-20,"명란계란말이 00:05
돼지고기 청경채볶음 00:55
카레라이스 02:40 (우주부레시피 참고)
명란 크림 파스타 06:14",176,6,2,https://www.youtube.com/watch?v=WB6-Q8YenL4
L0HaiccnZTQ,신혼집 주방가전,🏠 신혼집 브이로그 | 가전·가구 가격까지 솔직 공개! | 신혼부부 | 입주 | LG가전,구너무너TV,2025-09-11,"신혼부부 입주첫날, 그리고 가전가구 들어오는 날을 영상으로 남겨 봤습니다.
가전가구 준비하시는 예비 신혼부부 분들 참고하세요!

챕터
0:00 첫입주
0:18 (밥솥)쿠쿠 마스터셰프 사일런스 6인용
1:27 (행거 & 옷장) 한샘
1:47 (쇼파) 일룸 벤쿠버
1:58 (식탁)홈앤힐 한나 원목 단면 세라믹식탁 4인 1600 (침대프레임) 일룸 토스티
2:30 (로봇청소기) 로보락 s8 maxV ultra
3:16 (매트릭스) 브랜드리스 이캘로스23 라지킹
3:36 (세탁건조기) LG 트롬 오브제컬렉션 워시타워 WL22EGZU
4:1",22320,113,15,https://www.youtube.com/watch?v=L0HaiccnZTQ
0hhwAs05MZk,신혼집 주방가전,"HOME TOUR 24평 신혼집 룸투어 가전 가구 소개 LG가전, 스탠바이미, 세라믹식탁, 미닉스 음식물처리기",침대 알려주는 여자 | 노다지,2025-10-24,"#랜선집들이 #24평신혼집 #신혼집룸투어

오늘은 신혼집 이사 1년 후 신혼집의 현실(?) 모습을 랜선집들이 영상으로 담아보았습니다. 신축 24평 가전가구 배치 어떻게 하는지 궁금해하시는 분들이 많으시더라고요!
앞으로 이사를 계획 중이거나, 가전가구 살 일 있으신 분들께 이 영상이 도움이 됐으면 좋겠습니다.
💬궁금한 점 댓글 달아주시면 다 알려드릴게요!!

⏰타임라인
00:00 20평대 신혼집 소개 시작
00:26 인사말
00:43 APT평면도
00:59 드레스룸(방1)
02:50 아기방(방2)
03:58 안방(방3)
07:43 거",39033,256,36,https://www.youtube.com/watch?v=0hhwAs05MZk
edaiixBq-50,신혼집 주방가전,대체불가! 신혼집 주방템👰🏻🤍🤵🏻 #신혼살림 #신혼집밥,피글햇,2025-11-11,,189315,2128,901,https://www.youtube.com/watch?v=edaiixBq-50
i8TF5jQfTkk,신혼집 주방가전,다시 신혼으로 돌아가도 이거 3개는 꼭 살거야..👰🏻‍♀️🤵🏻‍♂️ #인생주방템 #공구예고,됴미,2024-09-19,,576683,7195,3006,https://www.youtube.com/watch?v=i8TF5jQfTkk
N4MGzIP_OH0,신혼집 주방가전,깔끔한 주방 인테리어 안하면 후회하는 5가지 | 인테리어 꿀팁 #신혼집인테리어 #주방인테리어 #깔끔한주방,소온의 숲,2025-07-11,"깔끔한 주방 인테리어 안하면 후회하는 5가지!!

제가 이번 신혼집 인테리어할 때 
가장 공들인 공간은 바로 주방이었어요👩‍🍳

집에서 큰 공간을 차지하는 만큼, 
작은 디테일까지도 놓치지 않으려 더 신경을 많이 썼던 것 같아요.
⠀
그렇게 완성된 우리집 주방은 지금 보면 너무 만족스러워서
꼭! 추천하고 싶은 꿀팁들을 모아봤답니다✨

앞으로 인테리어를 앞두신 분들은 참고하셔서
깔끔하고 세련된 주방 만들기 성공하시기를 바랄게요:)
⠀
#신혼집인테리어 #주방인테리어 #구축아파트리모델링
#인테리어팁 #신혼부부집꾸미기 #깔끔한주방 #구축아",188525,401,9,https://www.youtube.com/watch?v=N4MGzIP_OH0
ThYR6eW8raA,신혼집 주방가전,매일 쓰는 주방살림 추천템 5가지,해달홈 haedal home,2024-04-10,,508980,7481,159,https://www.youtube.com/watch?v=ThYR6eW8raA
EXK6liR-SGI,신혼집 주방가전,인테리어의 완성은 주방템! 신혼집 퀄리티 수직 상승시키는 다 합쳐서 200만원대 꿀조합!,리뷰띵,2025-10-18,"#신혼부부 #주방용품 #주방가전추천 #주방템추천 
안녕하세요! 리뷰띵 입니다🧡
이번 영상은 저희집 주방 아이템을 리뷰하는 컨텐츠 입니다❗️
예쁘고 가성비 좋은 주방 아이템을 찾고 계신 분들에게 도움이 되셨으면 합니다❗️
많은 관심 부탁드립니다.!🙏🏻🙏🏻

1.이케아 리사보 테이블
https://ozip.me/3xjP8Yc?af

2.영가구 레이븐 체어
https://ozip.me/9V1TGIB?af

3.플랜스테드 110 미래 블랙 모빌
https://ozip.me/8ZVdZiD?af

4.미닉스 더 플랜더 프로 음식물처리기
htt",1157,11,2,https://www.youtube.com/watch?v=EXK6liR-SGI
STmb2sJW0Q0,신혼집 주방가전,"디자인 보고 고른 신혼 가전 리뷰 | 디자인 예쁜 신혼가전 장점 vs 단점 1년 사용 후기 | 정수기, 공기청정기, 청소기, 전기밥솥, 제습기, 인덕션, 식기세척기 등",여자A 남자B WAMB,2025-06-06,"*쿠팡, 네이버 링크를 통한 구매시 소정의 수수료를 받습니다.

안녕하세요 여러분 여자A남자B 입니다. 이번달 월간 쇼핑은 디자인 보고 고른 저희집 가전들을 리뷰해봤는데요. 자취할때부터 쭉 쓰기 시작한 제품들도 있고, 결혼 할 때 구매해 사용한지 1년 정도 되는 친구들도 있는데, 사용하며 느낀 장단점을 솔직하게 담아봤습니다 :) 저희처럼 인테리어 중요하게 생각해서 가전도 디자인 중심으로 고르시는 모든 분들 참고해보시길 ✨ 혹시 저와 다른 사용 리뷰를 느끼신 분들이 있으시다면, 그것도 댓글에 다른 분들 참고하실 수 있도록 자유롭게 리",54964,0,62,https://www.youtube.com/watch?v=STmb2sJW0Q0
T0V2Hfnhxx0,신혼집 주방가전,"24평 신혼희망타운 신축 아파트 랜선 집들이 | 혼수 가전 가구와 인테리어 시공, 내돈내산 제품 리뷰 [거실, 주방 편]",동굴리언,2024-06-24,"LH 신혼희망타운 56형입니다. 신희타 룸투어, 랜선 집들이 겸 구매한 제품 소개 영상입니다

00:00 인트로
00:15 소파 (에싸 트리움)
01:47 거실 스탠드 (아빠가만든공간 모어A)
02:13 벽시계 (렘노스 노스 클럭)
03:26 커튼 (베리커튼, 파주)
04:31 TV 대용 (LG 스탠바이미)
05:38 식탁 (찰스퍼니처 쿠르보)
06:03 아일랜드장 (봄날목공소, 파주)
06:33 홈카페장 (봄날목공소, 파주)
07:17 커피머신 (브레빌 BES876)
08:02 선반 (jbj 비블레스 미드웨이 슬림수납장)
08:5",546419,3036,316,https://www.youtube.com/watch?v=T0V2Hfnhxx0
s9GuY81A_iU,신혼집 주방가전,"결혼 전 신혼집 입주 브이로그 🏠 34평 아파트 인테리어 공사와 LG 가전 혼수 입주를 동시에 하는 이사 브이로그 ,, 가전 추천 비추천",유지니 u genie,2025-08-31,"결혼 전 신혼집 입주 브이로그 🏠
34평 아파트 인테리어 공사와 LG 가전 혼수 입주를 동시에 하는 이사 브이로그 ,,
가전 추천 비추천까지 담은 vlog

- instagram.com/94.yj_  
- leeyujin941109@gmail.com

#결혼준비 #신혼부부 #신혼집입주 #이사브이로그 #LG가전혼수 #혼수브이로그 #신혼가전추천",19813,91,33,https://www.youtube.com/watch?v=s9GuY81A_iU
CD4--pltLls,신혼집 주방가전,주방 늘 깨끗하게 유지하는 법 7가지 💫 #주방정리,됴미,2024-01-11,,3610856,25413,344,https://www.youtube.com/watch?v=CD4--pltLls
eMM__lhE1hY,신혼집 주방가전,"신혼집 룸투어 | 입주 후 1년, 잘산템 못산템 • 20평대 아파트 랜선집들이 • 자세한 신혼가전, 가구후기 • 모션데스크, 세라믹식탁, 까사미아 캄포슬림, LG오브제 냉장고",호온 A piece of life,2024-01-18,"♪ 본 영상은 유료광고를 포함하지 않습니다.
♪ 하단 링크를 통해 구매시 쿠팡파트너스, 오늘의집 큐레이터 활동의 일환으로
일정의 수수료를 제공받아 영상 제작에 큰 도움이 됩니다.


여러분,,,, 제 3일을 갈아넣은 영상입니다 😇...
많은 정보를 담으려 노력했지만
영상에 다 담긴 어려웠어요.
궁금하신 것은 기억나는 한에서 댓글 달아드릴게요!


📎 영상 내 구매리스트 (all 내돈내산✨)
❅ 최대한 모았으나 리스트에 없는 것 물어보시면 댓글 달아드릴게요
❅ 보시는 시기에 따라 최저가 아닐 수 있으니 확인必

❏  (01:21) 드",761809,0,369,https://www.youtube.com/watch?v=eMM__lhE1hY
Yg2s10_SitI,신혼집 주방가전,집에 놀러 오는 사람마다 물어봐요 #주방가전 #추천템 #주방인테리어 #신혼가전,에이본홈,2024-01-31,,2603974,24235,247,https://www.youtube.com/watch?v=Yg2s10_SitI
f724A1uYpr4,신혼집 주방가전,10배 비싸보이는 우리집 냉장고 정보 #엘지오브제 #냉장고 #혼수추천,까사드제리 casa de jerry,2024-08-11,,855359,3490,65,https://www.youtube.com/watch?v=f724A1uYpr4
QLm3DTCfmeU,신혼집 주방가전,신축 25평 신혼집 룸투어 🏠 | 랜선집들이 | 신혼 가전가구 추천 | 미니멀라이프,긴동효,2025-08-12,"이 게시물은 네이버 쇼핑 커넥트, 쿠팡 파트너스, 오늘의집 큐레이터 활동의 일환으로, 판매 발생 시 수수료를 제공받습니다.


안녕하세요 :)
신혼집 랜선집들이 함께 해용💗


✔️서재
(1) 이케아 레르베리 사다리 선반
https://naver.me/FvQcqWDi

(2) 하만카돈 스피커 (제건 9년전 모델이라 단종된거같아요)
https://naver.me/5pqkKwNv

(3) 이케아 알렉스 서랍
https://link.coupang.com/a/ddlcbw

(4) LG A9 코드제로
https://link.coupang.c",97343,573,113,https://www.youtube.com/watch?v=QLm3DTCfmeU
B6FQpFcOT7o,신혼집 주방가전,백화점 그릇 브랜드 추천 BEST4 신혼부부 집들이 선물로 딱! 실패없는 그릇 브랜드 #그릇추천 #신혼집인테리어 #신혼집꾸미기 #백화점 #인테리어꿀팁,소온의 숲,2025-05-03,"저처럼 그릇에 진심이신 분들 계신가요?
식탁 위 무드가 바뀌면 집 분위기도 달라지더라구요:)

그래서 오늘은 백화점에서도 만날 수 있는
감성 가득한 그릇 브랜드 4곳을 소개해보려 해요🕊️

일상용으로도, 신혼 선물로도 손색없는 브랜드들!
보기만 해도 기분 좋아지는 디자인들로 모아봤어요.
예쁜 그릇에 담긴 취향, 함께 나눠요🤍

#신혼집인테리어 #그릇추천 #그릇브랜드 #신혼부부일상 #감성그릇 #집꾸미기기록 #신혼집꾸미기 #신혼살림 #구축아파트인테리어",151335,339,10,https://www.youtube.com/watch?v=B6FQpFcOT7o
